CVE-2018-10258;2018-05-01
CVE-2018-1434;2018-05-17
CVE-2018-4923;2018-05-19
CVE-2018-3848;2018-04-16
CVE-2018-8049;2018-04-03
CVE-2018-5429;2018-04-17
CVE-2018-8015;2018-05-18
CVE-2018-6246;2018-05-10
CVE-2018-10553;2018-04-30
CVE-2018-7499;2018-05-15
CVE-2017-17688;2018-05-16
CVE-2018-10479;2018-05-17
CVE-2018-10705;2018-05-09
CVE-2017-2836;2018-04-24
CVE-2017-18265;2018-05-09
CVE-2018-5515;2018-05-02
CVE-2018-10170;2018-04-16
CVE-2018-1039;2018-05-09
CVE-2017-12104;2018-04-24
CVE-2018-1147;2018-05-18
CVE-2018-11098;2018-05-15
CVE-2018-10576;2018-04-30
CVE-2018-10994;2018-05-14
CVE-2018-0958;2018-05-09
CVE-2018-1468;2018-05-02
CVE-2018-10054;2018-04-11
CVE-2018-10940;2018-05-09
CVE-2018-0267;2018-04-19
CVE-2018-10266;2018-04-22
CVE-2014-2069;2018-04-16
CVE-2018-0582;2018-05-14
CVE-2018-5190;2018-04-17
CVE-2017-6323;2018-04-16
CVE-2018-6913;2018-04-17
CVE-2016-9592;2018-04-16
CVE-2018-10210;2018-04-25
CVE-2018-0568;2018-05-14
CVE-2018-1179;2018-05-17
CVE-2018-8147;2018-05-09
CVE-2018-9945;2018-05-17
CVE-2017-6020;2018-04-17
CVE-2016-9590;2018-04-26
CVE-2017-6289;2018-05-10
CVE-2017-2802;2018-04-24
CVE-2018-10183;2018-04-17
CVE-2018-10828;2018-05-09
CVE-2017-17539;2018-05-08
CVE-2018-0277;2018-05-17
CVE-2018-0587;2018-05-14
CVE-2018-10737;2018-05-16
CVE-2018-10393;2018-04-26
CVE-2018-10981;2018-05-10
CVE-2018-8129;2018-05-09
CVE-2018-10520;2018-04-27
CVE-2018-10475;2018-05-17
CVE-2018-10235;2018-04-19
CVE-2018-7932;2018-04-24
CVE-2018-1247;2018-05-08
CVE-2018-8157;2018-05-09
CVE-2018-11230;2018-05-17
CVE-2018-1131;2018-05-15
CVE-2018-11203;2018-05-16
CVE-2017-13073;2018-04-23
CVE-2017-17308;2018-04-11
CVE-2018-10544;2018-05-02
CVE-2018-0016;2018-04-11
CVE-2018-2415;2018-05-09
CVE-2018-8060;2018-05-10
CVE-2017-18266;2018-05-10
CVE-2018-8836;2018-04-03
CVE-2018-8133;2018-05-09
CVE-2018-8156;2018-05-09
CVE-2018-10726;2018-05-04
CVE-2017-6143;2018-04-13
CVE-2018-11090;2018-05-14
CVE-2012-5628;2018-05-04
CVE-2018-8900;2018-05-02
CVE-2018-7242;2018-04-18
CVE-2018-11256;2018-05-18
CVE-2018-10955;2018-05-10
CVE-2013-0185;2018-05-01
CVE-2018-10523;2018-04-27
CVE-2018-8824;2018-05-10
CVE-2018-10796;2018-05-08
CVE-2017-2918;2018-04-24
CVE-2014-6109;2018-04-20
CVE-2018-8173;2018-05-09
CVE-2018-10642;2018-05-02
CVE-2018-10174;2018-04-20
CVE-2018-1106;2018-04-23
CVE-2018-0711;2018-04-30
CVE-2017-2840;2018-04-24
CVE-2017-17543;2018-04-26
CVE-2016-8730;2018-04-24
CVE-2018-0289;2018-05-17
CVE-2017-9654;2018-04-24
CVE-2017-14481;2018-05-09
CVE-2014-0881;2018-04-25
CVE-2018-0824;2018-05-09
CVE-2018-3844;2018-04-26
CVE-2016-9599;2018-04-24
CVE-2017-17689;2018-05-16
CVE-2018-9981;2018-05-17
CVE-2018-8160;2018-05-09
CVE-2018-5230;2018-05-14
CVE-2018-8120;2018-05-09
CVE-2017-11307;2018-05-19
CVE-2018-10706;2018-05-10
CVE-2018-0946;2018-05-09
CVE-2018-1263;2018-05-15
CVE-2018-8145;2018-05-09
CVE-2018-10185;2018-04-17
CVE-2018-10237;2018-04-26
CVE-2017-1000081;2017-07-17
CVE-2017-11240;2018-05-19
CVE-2018-10327;2018-05-17
CVE-2018-10391;2018-04-26
CVE-2018-9969;2018-05-17
CVE-2018-1025;2018-05-09
CVE-2016-8627;2018-05-11
CVE-2018-10571;2018-04-30
CVE-2018-10115;2018-05-02
CVE-2018-8865;2018-05-04
CVE-2014-0931;2018-04-20
CVE-2018-8867;2018-05-18
CVE-2018-9840;2018-04-10
CVE-2018-1292;2018-04-20
CVE-2018-10119;2018-04-16
CVE-2018-6511;2018-05-08
CVE-2018-10723;2018-05-05
CVE-2017-14480;2018-05-09
CVE-2018-9990;2018-04-18
CVE-2018-3851;2018-04-26
CVE-2017-17253;2018-04-24
CVE-2017-14458;2018-04-23
CVE-2018-9113;2018-04-26
CVE-2018-9845;2018-04-29
CVE-2018-0589;2018-05-14
CVE-2018-3845;2018-04-26
CVE-2018-10683;2018-05-09
CVE-2018-2417;2018-05-09
CVE-2018-1000178;2018-05-08
CVE-2018-10676;2018-05-02
CVE-2018-10490;2018-05-17
CVE-2017-14434;2018-05-14
CVE-2016-9645;2018-04-10
CVE-2018-1172;2018-05-16
CVE-2018-10817;2018-05-09
CVE-2018-1433;2018-05-17
CVE-2018-10749;2018-05-04
CVE-2018-10074;2018-04-12
CVE-2017-14474;2018-05-09
CVE-2018-10487;2018-05-17
CVE-2018-11202;2018-05-16
CVE-2018-11117;2018-05-17
CVE-2018-11013;2018-05-13
CVE-2018-10476;2018-05-17
CVE-2018-10021;2018-04-11
CVE-2018-0283;2018-05-02
CVE-2017-12126;2018-05-14
CVE-2013-5391;2018-04-27
CVE-2017-11308;2018-05-19
CVE-2013-4035;2018-05-01
CVE-2017-17256;2018-04-24
CVE-2018-8781;2018-04-23
CVE-2018-9958;2018-05-17
CVE-2018-9983;2018-05-17
CVE-2009-5151;2018-05-11
CVE-2017-12109;2018-04-24
CVE-2018-3842;2018-04-19
CVE-2018-10546;2018-04-29
CVE-2017-2837;2018-04-24
CVE-2018-1005;2018-04-12
CVE-2018-10371;2018-05-01
CVE-2018-8061;2018-05-10
CVE-2018-10527;2018-04-28
CVE-2018-0986;2018-04-04
CVE-2018-1445;2018-04-17
CVE-2018-9977;2018-05-17
CVE-2018-10199;2018-04-18
CVE-2018-1028;2018-04-12
CVE-2018-10473;2018-05-17
CVE-2018-11254;2018-05-18
CVE-2018-1276;2018-05-17
CVE-2018-0021;2018-04-11
CVE-2018-10365;2018-05-01
CVE-2018-1000179;2018-05-08
CVE-2018-6020;2018-05-09
CVE-2018-10534;2018-04-29
CVE-2018-10027;2018-05-17
CVE-2018-10167;2018-05-03
CVE-2017-1721;2018-04-26
CVE-2018-1289;2018-04-20
CVE-2018-10233;2018-04-23
CVE-2018-10138;2018-04-16
CVE-2017-2610;2018-05-15
CVE-2018-1173;2018-05-17
CVE-2018-8845;2018-05-15
CVE-2018-8123;2018-05-09
CVE-2018-0260;2018-04-19
CVE-2018-4938;2018-05-19
CVE-2018-8161;2018-05-09
CVE-2013-6739;2018-04-27
CVE-2018-5827;2018-05-17
CVE-2018-10758;2018-05-05
CVE-2018-10120;2018-04-16
CVE-2018-0226;2018-05-02
CVE-2018-9938;2018-05-17
CVE-2018-11236;2018-05-18
CVE-2017-13254;2018-04-04
CVE-2018-11094;2018-05-15
CVE-2018-1371;2018-04-17
CVE-2018-1464;2018-05-17
CVE-2018-11224;2018-05-17
CVE-2018-10780;2018-05-07
CVE-2018-9943;2018-05-17
CVE-2018-5511;2018-04-13
CVE-2017-1750;2018-04-25
CVE-2018-0229;2018-04-19
CVE-2018-10798;2018-05-08
CVE-2018-10968;2018-05-18
CVE-2018-9944;2018-05-17
CVE-2018-10323;2018-04-24
CVE-2018-9104;2018-04-25
CVE-2017-1764;2018-04-23
CVE-2018-10729;2018-05-17
CVE-2013-0159;2018-05-01
CVE-2018-2420;2018-05-09
CVE-2018-10250;2018-04-20
CVE-2018-11315;2018-05-20
CVE-2018-10187;2018-04-17
CVE-2018-9918;2018-04-10
CVE-2018-10666;2018-05-03
CVE-2018-10372;2018-04-25
CVE-2018-10545;2018-04-29
CVE-2017-17254;2018-04-24
CVE-2014-6108;2018-04-20
CVE-2018-10580;2018-05-11
CVE-2018-10772;2018-05-07
CVE-2018-10977;2018-05-10
CVE-2018-6242;2018-05-01
CVE-2018-1000176;2018-05-08
CVE-2018-8114;2018-05-09
CVE-2018-1000170;2018-04-16
CVE-2018-10422;2018-04-26
CVE-2018-8837;2018-04-25
CVE-2018-10958;2018-05-10
CVE-2017-2591;2018-04-30
CVE-2018-10322;2018-04-24
CVE-2018-1180;2018-05-17
CVE-2017-2811;2018-04-24
CVE-2018-9952;2018-05-17
CVE-2018-9245;2018-04-22
CVE-2018-10549;2018-04-29
CVE-2018-10952;2018-05-10
CVE-2018-0255;2018-04-19
CVE-2018-0588;2018-05-14
CVE-2017-1722;2018-04-26
CVE-2018-10373;2018-04-25
CVE-2018-9846;2018-04-07
CVE-2018-7527;2018-04-26
CVE-2018-1088;2018-04-18
CVE-2018-9284;2018-04-04
CVE-2018-4918;2018-05-19
CVE-2018-8162;2018-05-09
CVE-2018-11120;2018-05-17
CVE-2018-6589;2018-05-01
CVE-2017-2904;2018-04-24
CVE-2018-4850;2018-05-16
CVE-2018-10368;2018-04-25
CVE-2018-9971;2018-05-17
CVE-2018-11091;2018-05-14
CVE-2013-4201;2018-05-01
CVE-2018-0493;2018-04-03
CVE-2018-10657;2018-05-02
CVE-2018-1000161;2018-04-18
CVE-2017-14437;2018-05-14
CVE-2017-14449;2018-04-24
CVE-2017-1701;2018-04-23
CVE-2018-10123;2018-05-16
CVE-2018-10950;2018-05-10
CVE-2018-10641;2018-05-04
CVE-2017-14441;2018-04-24
CVE-2018-10565;2018-05-02
CVE-2018-10953;2018-05-10
CVE-2017-18268;2018-05-17
CVE-2018-7530;2018-04-17
CVE-2018-0586;2018-05-14
CVE-2018-6510;2018-05-08
CVE-2018-11127;2018-05-15
CVE-2018-0290;2018-05-17
CVE-2017-3774;2018-04-19
CVE-2018-10366;2018-04-25
CVE-2018-9973;2018-05-17
CVE-2018-6306;2018-04-19
CVE-2018-1278;2018-05-11
CVE-2018-11012;2018-05-12
CVE-2018-9980;2018-05-17
CVE-2018-10126;2018-04-21
CVE-2017-14012;2018-05-01
CVE-2018-0271;2018-05-17
CVE-2013-7201;2018-04-27
CVE-2018-0590;2018-05-14
CVE-2017-1000080;2017-07-17
CVE-2018-0280;2018-05-17
CVE-2018-10329;2018-04-24
CVE-2018-3612;2018-05-10
CVE-2018-5256;2018-05-18
CVE-2017-18271;2018-05-18
CVE-2018-10738;2018-05-16
CVE-2018-10646;2018-05-02
CVE-2018-1000160;2018-04-18
CVE-2018-1176;2018-05-17
CVE-2018-11035;2018-05-14
CVE-2018-0262;2018-05-02
CVE-2018-10972;2018-05-10
CVE-2017-12714;2018-04-25
CVE-2018-11003;2018-05-12
CVE-2018-1280;2018-05-11
CVE-2018-10774;2018-05-07
CVE-2018-10253;2018-04-21
CVE-2018-10944;2018-05-14
CVE-2018-10208;2018-04-25
CVE-2018-10480;2018-05-17
CVE-2017-17833;2018-04-23
CVE-2018-11004;2018-05-12
CVE-2018-2416;2018-05-09
CVE-2018-3567;2018-05-17
CVE-2018-10989;2018-05-14
CVE-2018-9954;2018-05-17
CVE-2018-9035;2018-04-04
CVE-2018-7218;2018-05-17
CVE-2018-10230;2018-04-19
CVE-2018-0560;2018-04-16
CVE-2018-0258;2018-05-02
CVE-2018-8122;2018-05-09
CVE-2016-8383;2018-04-24
CVE-2018-1175;2018-05-17
CVE-2017-5536;2018-05-01
CVE-2018-9250;2018-05-18
CVE-2018-10832;2018-05-11
CVE-2018-10188;2018-04-19
CVE-2018-8165;2018-05-09
CVE-2018-9336;2018-05-01
CVE-2018-5508;2018-04-13
CVE-2018-10735;2018-05-16
CVE-2018-10767;2018-05-06
CVE-2018-9111;2018-05-10
CVE-2018-9939;2018-05-17
CVE-2017-2804;2018-04-24
CVE-2017-1743;2018-05-04
CVE-2018-9978;2018-05-17
CVE-2018-8150;2018-05-09
CVE-2018-4933;2018-05-19
CVE-2018-10795;2018-05-07
CVE-2018-9860;2018-04-12
CVE-2017-5175;2018-05-09
CVE-2018-9119;2018-04-04
CVE-2013-6272;2018-05-02
CVE-2018-10284;2018-04-21
CVE-2018-10538;2018-04-29
CVE-2018-9961;2018-05-17
CVE-2018-0297;2018-05-17
CVE-2009-5150;2018-05-11
CVE-2018-8912;2018-05-09
CVE-2018-0494;2018-05-06
CVE-2018-1239;2018-05-08
CVE-2009-5152;2018-05-11
CVE-2018-9949;2018-05-17
CVE-2018-10529;2018-04-29
CVE-2018-10752;2018-05-05
CVE-2018-0228;2018-04-19
CVE-2018-11319;2018-05-20
CVE-2018-10492;2018-05-17
CVE-2018-8152;2018-05-09
CVE-2018-10193;2018-04-18
CVE-2017-9284;2018-04-26
CVE-2018-10583;2018-05-01
CVE-2018-7244;2018-04-18
CVE-2018-9060;2018-04-24
CVE-2018-10810;2018-05-16
CVE-2018-10804;2018-05-08
CVE-2017-14450;2018-04-24
CVE-2017-18270;2018-05-18
CVE-2017-7893;2018-04-23
CVE-2018-2409;2018-04-10
CVE-2018-10219;2018-04-19
CVE-2018-0954;2018-05-09
CVE-2018-10484;2018-05-17
CVE-2018-3611;2018-05-15
CVE-2018-5518;2018-05-02
CVE-2018-0242;2018-04-19
CVE-2018-4992;2018-05-19
CVE-2018-0243;2018-04-19
CVE-2015-1503;2018-05-08
CVE-2018-10110;2018-04-18
CVE-2018-10759;2018-05-16
CVE-2014-1846;2018-04-27
CVE-2018-0245;2018-05-02
CVE-2014-0872;2018-04-25
CVE-2018-1479;2018-04-27
CVE-2018-10472;2018-04-27
CVE-2018-0579;2018-05-14
CVE-2018-8167;2018-05-09
CVE-2018-1000152;2018-04-05
CVE-2018-10753;2018-05-05
CVE-2018-0268;2018-05-17
CVE-2018-10540;2018-04-29
CVE-2018-8835;2018-04-25
CVE-2018-0227;2018-04-19
CVE-2017-2815;2018-05-15
CVE-2018-0254;2018-04-19
CVE-2018-10522;2018-04-27
CVE-2018-7891;2018-04-30
CVE-2018-10381;2018-04-26
CVE-2018-7509;2018-05-04
CVE-2018-10733;2018-05-04
CVE-2014-0912;2018-04-20
CVE-2017-2906;2018-04-24
CVE-2018-6921;2018-05-08
CVE-2018-10080;2018-04-13
CVE-2018-1183;2018-04-30
CVE-2018-9126;2018-04-04
CVE-2017-18273;2018-05-18
CVE-2018-9966;2018-05-17
CVE-2015-1857;2018-04-27
CVE-2016-9601;2018-04-24
CVE-2018-11213;2018-05-16
CVE-2018-9956;2018-05-17
CVE-2018-1260;2018-05-11
CVE-2018-1256;2018-05-07
CVE-2018-1258;2018-05-11
CVE-2018-5512;2018-05-02
CVE-2018-10957;2018-05-10
CVE-2018-10122;2018-04-16
CVE-2018-0240;2018-04-19
CVE-2018-10070;2018-04-16
CVE-2018-3839;2018-04-10
CVE-2017-11250;2018-05-19
CVE-2018-8857;2018-05-04
CVE-2018-10581;2018-05-01
CVE-2018-4994;2018-05-19
CVE-2018-1104;2018-05-02
CVE-2016-9043;2018-04-24
CVE-2018-4991;2018-05-19
CVE-2018-11243;2018-05-18
CVE-2018-10299;2018-04-23
CVE-2018-3850;2018-04-23
CVE-2018-0253;2018-05-02
CVE-2018-7931;2018-04-24
CVE-2017-1786;2018-04-23
CVE-2018-0737;2018-04-16
CVE-2018-1413;2018-05-07
CVE-2018-10562;2018-05-04
CVE-2018-11251;2018-05-18
CVE-2018-10748;2018-05-04
CVE-2017-14440;2018-04-24
CVE-2018-8136;2018-05-09
CVE-2018-0278;2018-05-02
CVE-2017-5703;2018-04-03
CVE-2018-4941;2018-05-19
CVE-2017-2903;2018-04-24
CVE-2017-1473;2018-04-23
CVE-2018-8736;2018-04-18
CVE-2018-8714;2018-05-17
CVE-2018-10801;2018-05-08
CVE-2018-10998;2018-05-12
CVE-2018-3634;2018-05-15
CVE-2018-10830;2018-05-09
CVE-2017-1601;2018-05-02
CVE-2018-10164;2018-05-03
CVE-2018-8137;2018-05-09
CVE-2018-6920;2018-05-08
CVE-2018-1000163;2018-04-18
CVE-2018-1000400;2018-05-18
CVE-2018-10212;2018-04-25
CVE-2018-6919;2018-04-04
CVE-2018-1363;2018-04-25
CVE-2017-9657;2018-04-30
CVE-2018-10488;2018-05-17
CVE-2018-10256;2018-05-01
CVE-2016-9094;2018-04-16
CVE-2018-8155;2018-05-09
CVE-2018-10302;2018-04-23
CVE-2017-2902;2018-04-24
CVE-2018-9103;2018-04-25
CVE-2018-10575;2018-04-30
CVE-2017-17310;2018-04-19
CVE-2018-9963;2018-05-17
CVE-2018-6917;2018-04-04
CVE-2018-8014;2018-05-16
CVE-2018-1465;2018-05-17
CVE-2016-9093;2018-04-16
CVE-2018-7240;2018-04-18
CVE-2018-0264;2018-05-02
CVE-2018-0019;2018-04-11
CVE-2018-10209;2018-04-25
CVE-2018-3843;2018-04-19
CVE-2017-14010;2018-04-26
CVE-2018-9059;2018-04-20
CVE-2018-10364;2018-04-30
CVE-2018-10310;2018-04-25
CVE-2018-6873;2018-04-04
CVE-2018-8166;2018-05-09
CVE-2018-6960;2018-04-20
CVE-2018-8168;2018-05-09
CVE-2018-10229;2018-05-04
CVE-2018-8839;2018-04-30
CVE-2018-10750;2018-05-04
CVE-2018-8118;2018-04-19
CVE-2017-11306;2018-05-19
CVE-2017-1255;2018-05-02
CVE-2018-10425;2018-04-26
CVE-2018-0252;2018-05-02
CVE-2018-9137;2018-04-19
CVE-2018-10260;2018-05-01
CVE-2018-1248;2018-05-08
CVE-2018-10205;2018-04-19
CVE-2018-11100;2018-05-15
CVE-2018-4847;2018-04-23
CVE-2016-8382;2018-04-24
CVE-2018-8170;2018-05-09
CVE-2016-10722;2018-05-02
CVE-2017-17313;2018-04-19
CVE-2017-1724;2018-04-26
CVE-2018-6023;2018-05-11
CVE-2017-1116;2018-04-27
CVE-2018-10768;2018-05-06
CVE-2018-10776;2018-05-07
CVE-2018-5448;2018-05-04
CVE-2017-2602;2018-05-15
CVE-2018-10469;2018-04-27
CVE-2018-10133;2018-04-16
CVE-2018-0288;2018-05-02
CVE-2018-10213;2018-04-25
CVE-2018-10478;2018-05-17
CVE-2018-8141;2018-05-09
CVE-2018-8831;2018-04-18
CVE-2018-9240;2018-04-03
CVE-2014-9563;2018-04-12
CVE-2017-2592;2018-05-08
CVE-2018-4925;2018-05-19
CVE-2018-10536;2018-04-29
CVE-2018-9972;2018-05-17
CVE-2017-3776;2018-04-19
CVE-2018-8735;2018-04-18
CVE-2017-14433;2018-05-14
CVE-2018-10326;2018-05-17
CVE-2018-11037;2018-05-14
CVE-2017-14435;2018-05-14
CVE-2018-3836;2018-04-24
CVE-2018-6618;2018-05-11
CVE-2017-14475;2018-05-09
CVE-2018-10746;2018-05-04
CVE-2016-9602;2018-04-26
CVE-2018-8869;2018-05-04
CVE-2018-0250;2018-05-02
CVE-2018-3649;2018-05-10
CVE-2018-4931;2018-05-19
CVE-2017-2900;2018-04-24
CVE-2018-11210;2018-05-16
CVE-2014-0950;2018-04-20
CVE-2018-10166;2018-05-03
CVE-2018-0266;2018-04-19
CVE-2017-4952;2018-05-02
CVE-2018-10942;2018-05-10
CVE-2018-9946;2018-05-17
CVE-2017-12081;2018-04-24
CVE-2018-11226;2018-05-17
CVE-2014-6112;2018-04-20
CVE-2018-10374;2018-04-25
CVE-2018-10392;2018-04-26
CVE-2018-10489;2018-05-17
CVE-2017-2601;2018-05-10
CVE-2017-12127;2018-05-14
CVE-2018-0272;2018-04-19
CVE-2018-10294;2018-05-02
CVE-2018-11126;2018-05-15
CVE-2018-10204;2018-04-18
CVE-2018-10554;2018-04-30
CVE-2018-10431;2018-04-26
CVE-2018-10517;2018-04-27
CVE-2018-1008;2018-04-12
CVE-2017-12128;2018-05-14
CVE-2018-0953;2018-05-09
CVE-2018-4936;2018-05-19
CVE-2018-0564;2018-04-20
CVE-2018-1259;2018-05-11
CVE-2018-10286;2018-04-22
CVE-2018-1000165;2018-04-18
CVE-2018-10550;2018-04-30
CVE-2018-0022;2018-04-11
CVE-2018-10731;2018-05-17
CVE-2018-4942;2018-05-19
CVE-2018-5514;2018-05-02
CVE-2018-10773;2018-05-07
CVE-2015-1952;2018-04-16
CVE-2018-10771;2018-05-07
CVE-2018-8833;2018-04-25
CVE-2018-7747;2018-04-20
CVE-2018-11017;2018-05-13
CVE-2018-10573;2018-04-30
CVE-2018-5382;2018-04-16
CVE-2018-1335;2018-04-25
CVE-2018-10252;2018-05-14
CVE-2018-10481;2018-05-17
CVE-2017-15640;2018-04-21
CVE-2017-8315;2018-04-20
CVE-2018-8149;2018-05-09
CVE-2017-14479;2018-05-09
CVE-2018-1000162;2018-04-18
CVE-2017-17540;2018-05-08
CVE-2017-14442;2018-04-24
CVE-2018-1475;2018-04-27
CVE-2018-10747;2018-05-04
CVE-2017-17252;2018-04-24
CVE-2018-10136;2018-04-16
CVE-2013-7202;2018-04-27
CVE-2018-10754;2018-05-05
CVE-2018-5231;2018-05-16
CVE-2018-10255;2018-05-01
CVE-2018-8915;2018-05-10
CVE-2018-9101;2018-04-25
CVE-2018-9118;2018-04-12
CVE-2018-0241;2018-04-19
CVE-2016-8728;2018-04-24
CVE-2018-5226;2018-04-25
CVE-2018-1389;2018-04-30
CVE-2018-10976;2018-05-10
CVE-2017-12712;2018-04-25
CVE-2018-11207;2018-05-16
CVE-2018-10221;2018-04-19
CVE-2018-1000168;2018-05-08
CVE-2018-6254;2018-05-10
CVE-2017-2835;2018-04-24
CVE-2018-0112;2018-04-19
CVE-2018-2422;2018-05-09
CVE-2014-5014;2018-04-25
CVE-2018-8866;2018-05-09
CVE-2018-8938;2018-05-01
CVE-2018-9153;2018-04-16
CVE-2018-4921;2018-05-19
CVE-2018-5516;2018-05-02
CVE-2017-1000079;2017-07-17
CVE-2018-0251;2018-04-19
CVE-2018-0239;2018-04-19
CVE-2018-1291;2018-04-20
CVE-2018-5431;2018-04-17
CVE-2018-7246;2018-04-18
CVE-2018-7669;2018-04-27
CVE-2018-0230;2018-04-19
CVE-2017-17255;2018-04-24
CVE-2018-0328;2018-05-17
CVE-2018-10827;2018-05-09
CVE-2018-10177;2018-04-16
CVE-2018-10973;2018-05-10
CVE-2018-11034;2018-05-14
CVE-2014-6111;2018-04-20
CVE-2018-9941;2018-05-17
CVE-2018-10740;2018-05-04
CVE-2017-12129;2018-05-14
CVE-2017-2812;2018-04-24
CVE-2017-2611;2018-05-08
CVE-2018-0285;2018-05-02
CVE-2018-8117;2018-04-12
CVE-2013-4209;2018-05-01
CVE-2018-8124;2018-05-09
CVE-2018-7761;2018-04-18
CVE-2018-10189;2018-04-17
CVE-2017-12103;2018-04-24
CVE-2017-6293;2018-05-10
CVE-2018-9937;2018-05-17
CVE-2018-10361;2018-04-25
CVE-2018-10504;2018-04-27
CVE-2018-0286;2018-05-02
CVE-2018-0275;2018-04-19
CVE-2018-10207;2018-04-25
CVE-2018-1178;2018-05-17
CVE-2018-9310;2018-04-30
CVE-2018-9102;2018-04-25
CVE-2018-10241;2018-05-16
CVE-2018-8132;2018-05-09
CVE-2018-9940;2018-05-17
CVE-2017-6910;2018-04-12
CVE-2018-8115;2018-05-02
CVE-2018-0765;2018-05-09
CVE-2018-8159;2018-05-09
CVE-2017-17318;2018-04-30
CVE-2018-10236;2018-04-19
CVE-2017-12082;2018-04-24
CVE-2018-8840;2018-04-18
CVE-2018-1466;2018-05-17
CVE-2017-15691;2018-04-26
CVE-2017-17889;2018-04-22
CVE-2018-10227;2018-04-19
CVE-2018-9951;2018-05-17
CVE-2018-10590;2018-05-15
CVE-2018-7930;2018-04-11
CVE-2018-10570;2018-04-30
CVE-2018-10734;2018-05-08
CVE-2018-8872;2018-05-04
CVE-2018-11245;2018-05-18
CVE-2017-12701;2018-04-17
CVE-2018-0943;2018-05-09
CVE-2018-10770;2018-05-09
CVE-2018-10949;2018-05-10
CVE-2018-8880;2018-04-23
CVE-2018-7243;2018-04-18
CVE-2018-3837;2018-04-10
CVE-2018-7241;2018-04-18
CVE-2016-2169;2018-04-18
CVE-2018-7933;2018-05-10
CVE-2013-2049;2018-05-01
CVE-2018-10577;2018-05-02
CVE-2018-0561;2018-04-16
CVE-2017-5535;2018-05-01
CVE-2018-0233;2018-04-19
CVE-2018-0326;2018-05-17
CVE-2018-10165;2018-05-03
CVE-2018-1000174;2018-05-08
CVE-2018-8179;2018-05-09
CVE-2018-10564;2018-05-02
CVE-2018-10314;2018-05-10
CVE-2018-10307;2018-05-18
CVE-2018-1430;2018-04-30
CVE-2018-10176;2018-04-20
CVE-2018-0577;2018-05-14
CVE-2013-7245;2018-04-24
CVE-2014-0882;2018-04-25
CVE-2018-4924;2018-05-19
CVE-2018-11244;2018-05-18
CVE-2018-6619;2018-05-11
CVE-2018-9302;2018-05-02
CVE-2018-10312;2018-04-24
CVE-2018-10248;2018-04-20
CVE-2018-0287;2018-05-02
CVE-2018-0562;2018-04-16
CVE-2018-10301;2018-04-23
CVE-2018-9935;2018-05-17
CVE-2018-10493;2018-05-17
CVE-2018-10257;2018-05-01
CVE-2018-10362;2018-04-25
CVE-2018-0959;2018-05-09
CVE-2018-0238;2018-04-19
CVE-2018-11011;2018-05-12
CVE-2018-8860;2018-05-09
CVE-2018-0231;2018-04-19
CVE-2017-1700;2018-04-24
CVE-2017-7652;2018-04-25
CVE-2018-10831;2018-05-09
CVE-2018-8116;2018-04-12
CVE-2018-7941;2018-05-10
CVE-2018-7465;2018-04-26
CVE-2018-6491;2018-04-24
CVE-2018-0247;2018-05-02
CVE-2018-10172;2018-04-16
CVE-2018-10999;2018-05-12
CVE-2018-10477;2018-05-17
CVE-2018-9950;2018-05-17
CVE-2018-0578;2018-05-14
CVE-2017-2603;2018-05-15
CVE-2018-8974;2018-04-26
CVE-2017-17251;2018-04-24
CVE-2018-1112;2018-04-25
CVE-2018-10168;2018-05-03
CVE-2018-7160;2018-05-17
CVE-2018-1240;2018-04-18
CVE-2018-11208;2018-05-16
CVE-2014-2294;2018-04-17
CVE-2017-2905;2018-04-24
CVE-2018-8174;2018-05-09
CVE-2018-9959;2018-05-17
CVE-2018-8838;2018-04-17
CVE-2017-9275;2018-04-26
CVE-2018-10516;2018-04-27
CVE-2018-10736;2018-05-16
CVE-2017-12099;2018-04-24
CVE-2017-2901;2018-04-24
CVE-2017-12100;2018-04-24
CVE-2018-6797;2018-04-17
CVE-2018-8734;2018-04-18
CVE-2014-0841;2018-04-27
CVE-2018-8178;2018-05-09
CVE-2018-3689;2018-04-03
CVE-2018-3661;2018-05-15
CVE-2018-9965;2018-05-17
CVE-2017-2803;2018-04-24
CVE-2016-9335;2018-05-09
CVE-2018-11248;2018-05-18
CVE-2018-10474;2018-05-17
CVE-2018-6562;2018-05-18
CVE-2017-17020;2018-05-01
CVE-2016-8729;2018-04-24
CVE-2014-0927;2018-04-20
CVE-2018-9947;2018-05-17
CVE-2018-7514;2018-04-17
CVE-2018-10645;2018-05-02
CVE-2018-0244;2018-04-19
CVE-2018-10563;2018-05-02
CVE-2018-0591;2018-05-14
CVE-2018-1418;2018-04-26
CVE-2018-9232;2018-05-01
CVE-2018-10184;2018-05-09
CVE-2018-10572;2018-04-30
CVE-2018-4832;2018-04-24
CVE-2018-5507;2018-04-13
CVE-2018-4943;2018-05-19
CVE-2018-4937;2018-05-19
CVE-2018-10429;2018-04-26
CVE-2018-10521;2018-04-27
CVE-2018-4849;2018-05-03
CVE-2018-6547;2018-04-13
CVE-2017-2832;2018-04-24
CVE-2017-14477;2018-05-09
CVE-2018-10380;2018-05-08
CVE-2018-11128;2018-05-17
CVE-2018-10591;2018-05-15
CVE-2018-10424;2018-04-26
CVE-2018-6518;2018-04-26
CVE-2018-10757;2018-05-05
CVE-2018-11242;2018-05-20
CVE-2018-0327;2018-05-17
CVE-2018-4917;2018-05-19
CVE-2017-1725;2018-04-24
CVE-2018-0235;2018-05-02
CVE-2018-10175;2018-04-20
CVE-2013-4040;2018-05-01
CVE-2018-9919;2018-05-02
CVE-2018-3568;2018-05-17
CVE-2018-10300;2018-04-23
CVE-2018-10567;2018-05-02
CVE-2017-11253;2018-05-19
CVE-2018-10825;2018-05-15
CVE-2018-1313;2018-05-07
CVE-2018-11232;2018-05-18
CVE-2018-1111;2018-05-17
CVE-2018-10206;2018-04-25
CVE-2018-6458;2018-05-11
CVE-2018-8733;2018-04-18
CVE-2018-6362;2018-05-11
CVE-2018-9921;2018-04-23
CVE-2018-10295;2018-04-22
CVE-2018-7158;2018-05-17
CVE-2018-10967;2018-05-18
CVE-2018-10982;2018-05-10
CVE-2016-9092;2017-05-11
CVE-2017-3775;2018-05-04
CVE-2017-6158;2018-04-13
CVE-2018-7751;2018-04-24
CVE-2018-1097;2018-04-04
CVE-2018-9154;2018-05-04
CVE-2018-10483;2018-05-17
CVE-2018-6361;2018-05-11
CVE-2018-8163;2018-05-09
CVE-2018-8139;2018-05-09
CVE-2018-1000173;2018-05-08
CVE-2018-10367;2018-04-25
CVE-2018-8164;2018-05-09
CVE-2018-9115;2018-04-04
CVE-2018-9955;2018-05-17
CVE-2017-18269;2018-05-18
CVE-2018-8003;2018-05-03
CVE-2018-5486;2018-04-25
CVE-2018-1118;2018-05-10
CVE-2018-11129;2018-05-17
CVE-2018-1257;2018-05-11
CVE-2018-10678;2018-05-13
CVE-2018-5430;2018-04-17
CVE-2017-2839;2018-04-24
CVE-2018-10779;2018-05-07
CVE-2017-7651;2018-04-24
CVE-2018-11118;2018-05-17
CVE-2018-10471;2018-04-27
CVE-2018-0281;2018-05-02
CVE-2018-11033;2018-05-14
CVE-2018-10313;2018-04-24
CVE-2018-4939;2018-05-19
CVE-2017-17314;2018-04-30
CVE-2017-10140;2018-04-16
CVE-2017-2908;2018-04-24
CVE-2017-14438;2018-05-14
CVE-2018-6546;2018-04-13
CVE-2018-1473;2018-04-27
CVE-2018-4928;2018-05-19
CVE-2018-7159;2018-05-17
CVE-2018-10806;2018-05-08
CVE-2018-10962;2018-05-10
CVE-2017-17557;2018-04-24
CVE-2018-8716;2018-04-25
CVE-2018-1089;2018-05-09
CVE-2017-6155;2018-04-13
CVE-2018-10777;2018-05-07
CVE-2018-10974;2018-05-10
CVE-2018-3838;2018-04-10
CVE-2018-7522;2018-05-04
CVE-2018-10990;2018-05-14
CVE-2018-10718;2018-05-03
CVE-2017-12086;2018-04-24
CVE-2018-8119;2018-05-09
CVE-2017-2608;2018-05-15
CVE-2017-15327;2018-04-11
CVE-2018-7248;2018-05-11
CVE-2018-0945;2018-05-09
CVE-2018-1102;2018-04-30
CVE-2013-3947;2018-04-24
CVE-2018-10803;2018-05-10
CVE-2018-10519;2018-04-27
CVE-2018-0018;2018-04-11
CVE-2018-11031;2018-05-14
CVE-2018-1167;2018-04-19
CVE-2018-11214;2018-05-16
CVE-2018-9942;2018-05-17
CVE-2017-14448;2018-04-24
CVE-2018-9849;2018-05-10
CVE-2018-6918;2018-04-04
CVE-2018-11101;2018-05-17
CVE-2018-5303;2018-05-11
CVE-2017-12125;2018-05-14
CVE-2018-10689;2018-05-03
CVE-2018-11097;2018-05-15
CVE-2018-10211;2018-04-25
CVE-2014-4782;2018-04-20
CVE-2018-1021;2018-05-09
CVE-2018-7495;2018-05-15
CVE-2018-10799;2018-05-08
CVE-2018-6617;2018-05-11
CVE-2018-9987;2018-04-18
CVE-2018-10309;2018-04-24
CVE-2018-1074;2018-04-26
CVE-2018-10259;2018-05-01
CVE-2018-0249;2018-05-02
CVE-2018-11237;2018-05-18
CVE-2018-1325;2018-04-18
CVE-2018-10647;2018-05-02
CVE-2017-14439;2018-05-14
CVE-2017-16860;2018-05-14
CVE-2017-18262;2018-04-30
CVE-2018-0269;2018-04-19
CVE-2018-9974;2018-05-17
CVE-2016-9587;2018-04-24
CVE-2018-7762;2018-04-18
CVE-2017-2838;2018-04-24
CVE-2018-10760;2018-05-16
CVE-2018-10716;2018-05-03
CVE-2018-1022;2018-05-09
CVE-2018-9967;2018-05-17
CVE-2018-9248;2018-04-04
CVE-2018-0256;2018-04-19
CVE-2018-1115;2018-05-10
CVE-2018-10686;2018-05-06
CVE-2017-12120;2018-05-14
CVE-2018-9982;2018-05-17
CVE-2014-8421;2018-04-12
CVE-2018-7899;2018-04-19
CVE-2017-2594;2018-05-08
CVE-2017-2604;2018-05-15
CVE-2018-2419;2018-05-09
CVE-2017-2599;2018-04-11
CVE-2018-2423;2018-05-09
CVE-2017-2612;2018-05-15
CVE-2017-2825;2018-04-20
CVE-2018-0276;2018-04-19
CVE-2018-10682;2018-05-09
CVE-2018-1339;2018-04-25
CVE-2018-5446;2018-05-04
CVE-2018-7901;2018-04-30
CVE-2018-10574;2018-04-30
CVE-2018-1000169;2018-04-16
CVE-2017-14436;2018-05-14
CVE-2018-10537;2018-04-29
CVE-2018-7920;2018-04-19
CVE-2018-1438;2018-05-17
CVE-2018-10954;2018-05-10
CVE-2018-8127;2018-05-09
CVE-2018-8939;2018-05-01
CVE-2018-8151;2018-05-09
CVE-2018-11239;2018-05-19
CVE-2017-18267;2018-05-10
CVE-2018-9970;2018-05-17
CVE-2017-2600;2018-05-15
CVE-2018-0325;2018-05-17
CVE-2018-10515;2018-04-27
CVE-2018-0324;2018-05-17
CVE-2017-14740;2018-04-26
CVE-2018-8128;2018-05-09
CVE-2017-12107;2018-04-24
CVE-2018-7501;2018-05-15
CVE-2018-11255;2018-05-18
CVE-2017-2871;2018-04-17
CVE-2018-10566;2018-05-02
CVE-2016-9594;2018-04-23
CVE-2018-11095;2018-05-15
CVE-2018-8834;2018-04-17
CVE-2018-0585;2018-05-14
CVE-2018-10169;2018-04-16
CVE-2017-2885;2018-04-24
CVE-2018-4930;2018-05-19
CVE-2018-4926;2018-05-19
CVE-2018-10124;2018-04-16
CVE-2018-10951;2018-05-10
CVE-2018-9962;2018-05-17
CVE-2018-8153;2018-05-09
CVE-2018-10222;2018-04-19
CVE-2018-0270;2018-05-17
CVE-2018-10547;2018-04-29
CVE-2017-6888;2018-04-25
CVE-2018-10268;2018-04-22
CVE-2017-15043;2018-05-04
CVE-2016-10036;2018-05-01
CVE-2018-1035;2018-04-19
CVE-2018-11212;2018-05-16
CVE-2016-8384;2018-04-24
CVE-2018-0234;2018-05-02
CVE-2017-18272;2018-05-18
CVE-2018-8134;2018-05-09
CVE-2018-10518;2018-04-27
CVE-2018-3846;2018-04-16
CVE-2018-7503;2018-05-15
CVE-2018-1461;2018-05-17
CVE-2018-0581;2018-05-14
CVE-2018-10178;2018-04-17
CVE-2018-3617;2018-05-10
CVE-2018-7245;2018-04-18
CVE-2018-10494;2018-05-17
CVE-2018-11032;2018-05-14
CVE-2017-1723;2018-04-26
CVE-2017-2924;2018-04-24
CVE-2016-9586;2018-04-23
CVE-2018-10267;2018-04-22
CVE-2018-6021;2018-05-09
CVE-2018-2408;2018-04-10
CVE-2018-1174;2018-05-17
CVE-2018-8911;2018-05-09
CVE-2018-10194;2018-04-18
CVE-2017-18264;2018-05-01
CVE-2018-10728;2018-05-17
CVE-2018-0279;2018-05-17
CVE-2018-10589;2018-05-15
CVE-2018-10739;2018-05-04
CVE-2018-7759;2018-04-18
CVE-2018-10303;2018-04-23
CVE-2017-2834;2018-04-24
CVE-2017-12121;2018-05-14
CVE-2018-10430;2018-04-26
CVE-2018-11018;2018-05-13
CVE-2018-1177;2018-05-17
CVE-2018-8130;2018-05-09
CVE-2014-10073;2018-04-20
CVE-2018-10996;2018-05-12
CVE-2017-12102;2018-04-24
CVE-2018-6401;2018-05-02
CVE-2018-6413;2018-04-18
CVE-2018-1087;2018-05-15
CVE-2018-7758;2018-04-18
CVE-2018-0961;2018-05-09
CVE-2018-1000172;2018-04-30
CVE-2018-10812;2018-05-08
CVE-2018-10561;2018-05-04
CVE-2018-7494;2018-05-04
CVE-2018-0576;2018-05-14
CVE-2017-17902;2018-04-22
CVE-2018-10963;2018-05-10
CVE-2018-0222;2018-05-17
CVE-2016-8366;2018-04-05
CVE-2018-1274;2018-04-18
CVE-2017-6156;2018-04-13
CVE-2018-10992;2018-05-11
CVE-2018-1000177;2018-05-08
CVE-2018-10328;2018-04-24
CVE-2018-11204;2018-05-16
CVE-2018-9957;2018-05-17
CVE-2018-5519;2018-05-02
CVE-2018-4173;2018-04-13
CVE-2014-3413;2018-04-05
CVE-2018-2421;2018-05-09
CVE-2018-4932;2018-05-19
CVE-2017-6148;2018-04-13
CVE-2018-10485;2018-05-17
CVE-2018-10220;2018-04-19
CVE-2018-3855;2018-04-26
CVE-2018-1502;2018-05-01
CVE-2018-10528;2018-04-29
CVE-2018-9953;2018-05-17
CVE-2017-14014;2018-05-01
CVE-2018-10568;2018-05-02
CVE-2018-11130;2018-05-17
CVE-2018-0017;2018-04-11
CVE-2018-10296;2018-04-22
CVE-2017-14432;2018-05-14
CVE-2018-11099;2018-05-17
CVE-2017-12087;2018-04-24
CVE-2018-9275;2018-04-04
CVE-2017-9635;2018-05-18
CVE-2018-1273;2018-04-11
CVE-2018-10285;2018-04-22
CVE-2018-9131;2018-04-24
CVE-2017-6021;2018-05-14
CVE-2018-5517;2018-05-02
CVE-2018-10017;2018-04-11
CVE-2018-10306;2018-05-18
CVE-2017-8154;2018-04-11
CVE-2018-1338;2018-04-25
CVE-2016-9593;2018-04-16
CVE-2018-9249;2018-04-04
CVE-2018-1290;2018-04-20
CVE-2018-10685;2018-05-02
CVE-2018-10805;2018-05-08
CVE-2018-0023;2018-04-11
CVE-2018-10665;2018-05-02
CVE-2018-9979;2018-05-17
CVE-2018-1277;2018-04-30
CVE-2018-10971;2018-05-10
CVE-2018-2418;2018-05-09
CVE-2018-7505;2018-05-15
CVE-2018-0257;2018-04-19
CVE-2018-5304;2018-05-11
CVE-2014-8422;2018-04-12
CVE-2018-0237;2018-04-19
CVE-2017-2833;2018-04-24
CVE-2018-1462;2018-05-17
CVE-2018-10482;2018-05-17
CVE-2018-0950;2018-04-12
CVE-2017-17258;2018-04-24
CVE-2018-10316;2018-04-24
CVE-2018-10192;2018-04-17
CVE-2017-2923;2018-04-24
CVE-2018-8841;2018-05-15
CVE-2018-0951;2018-05-09
CVE-2017-12101;2018-04-24
CVE-2018-10249;2018-04-20
CVE-2018-10079;2018-04-20
CVE-2016-10258;2018-04-11
CVE-2018-5234;2018-04-30
CVE-2017-2606;2018-05-08
CVE-2018-7940;2018-05-10
CVE-2018-10717;2018-05-03
CVE-2018-10234;2018-04-23
CVE-2018-5520;2018-05-02
CVE-2018-7497;2018-05-15
CVE-2018-9975;2018-05-17
CVE-2018-10535;2018-04-29
CVE-2018-11209;2018-05-16
CVE-2018-4935;2018-05-19
CVE-2018-10238;2018-04-20
CVE-2016-8732;2018-04-24
CVE-2018-10491;2018-05-17
CVE-2018-8177;2018-05-09
CVE-2018-9112;2018-05-10
CVE-2014-1845;2018-04-27
CVE-2018-10132;2018-04-16
CVE-2018-10730;2018-05-17
CVE-2017-12122;2018-04-24
CVE-2018-0259;2018-04-19
CVE-2018-0854;2018-05-09
CVE-2017-1734;2018-04-24
CVE-2018-10677;2018-05-02
CVE-2017-18102;2018-04-17
CVE-2017-6015;2018-05-11
CVE-2017-14476;2018-05-09
CVE-2018-10137;2018-04-16
CVE-2018-0273;2018-04-19
CVE-2017-9637;2018-05-18
CVE-2018-1000167;2018-04-18
CVE-2018-1130;2018-05-10
CVE-2018-10468;2018-04-28
CVE-2018-0492;2018-04-03
CVE-2018-7539;2018-04-17
CVE-2018-11311;2018-05-20
CVE-2018-11206;2018-05-16
CVE-2017-12124;2018-05-14
CVE-2017-12196;2018-04-18
CVE-2018-4927;2018-05-19
CVE-2016-9038;2018-04-24
CVE-2018-9063;2018-05-04
CVE-2018-8126;2018-05-09
CVE-2018-11119;2018-05-17
CVE-2018-1447;2018-04-04
CVE-2018-8154;2018-05-09
CVE-2018-1261;2018-05-11
CVE-2018-8801;2018-04-25
CVE-2017-9656;2018-04-24
CVE-2018-1463;2018-05-17
CVE-2018-9205;2018-04-04
CVE-2018-9976;2018-05-17
CVE-2018-8941;2018-04-03
CVE-2017-17257;2018-04-24
CVE-2017-15533;2018-05-17
CVE-2017-13677;2018-04-11
CVE-2018-8861;2018-05-04
CVE-2018-1000164;2018-04-18
CVE-2018-9964;2018-05-17
CVE-2018-10680;2018-05-02
CVE-2018-10578;2018-05-02
CVE-2018-0955;2018-05-09
CVE-2018-10775;2018-05-07
CVE-2017-18261;2018-04-19
CVE-2017-18263;2018-04-28
CVE-2018-11205;2018-05-16
CVE-2018-10675;2018-05-02
CVE-2018-8072;2018-04-26
CVE-2014-6633;2018-04-12
CVE-2017-14478;2018-05-09
CVE-2018-4944;2018-05-19
CVE-2018-10191;2018-04-17
CVE-2016-8220;2018-04-18
CVE-2018-1000175;2018-05-08
CVE-2017-1000078;2017-07-17
CVE-2018-10289;2018-04-22
CVE-2018-9948;2018-05-17
CVE-2018-9968;2018-05-17
CVE-2018-10548;2018-04-29
CVE-2017-12105;2018-04-24
CVE-2018-8158;2018-05-09
CVE-2018-10376;2018-04-25
CVE-2018-4920;2018-05-19
CVE-2018-10311;2018-04-24
CVE-2014-6309;2018-04-12
CVE-2018-10722;2018-05-04
CVE-2018-9936;2018-05-17
CVE-2018-1000159;2018-04-18
CVE-2018-5228;2018-04-24
CVE-2017-12108;2018-04-24
CVE-2014-2552;2018-04-27
CVE-2016-10721;2018-05-02
CVE-2018-10186;2018-04-17
CVE-2018-10173;2018-04-20
CVE-2018-10305;2018-04-24
CVE-2018-10778;2018-05-07
CVE-2018-4934;2018-05-19
CVE-2018-1059;2018-04-24
CVE-2018-10423;2018-04-26
CVE-2018-10975;2018-05-10
CVE-2018-10190;2018-04-17
CVE-2018-10495;2018-05-17
CVE-2018-4919;2018-05-19
CVE-2018-8897;2018-05-08
CVE-2017-12123;2018-05-14
CVE-2018-4940;2018-05-19
CVE-2018-8914;2018-05-10
CVE-2018-1262;2018-05-15
CVE-2018-7760;2018-04-18
CVE-2011-0704;2018-05-04
CVE-2018-0323;2018-05-17
CVE-2015-1777;2018-04-12
CVE-2018-10265;2018-04-22
CVE-2018-10713;2018-05-03
CVE-2018-9960;2018-05-17
CVE-2018-1148;2018-05-18
CVE-2017-2899;2018-04-24
CVE-2018-9995;2018-04-10
CVE-2017-2907;2018-04-24
CVE-2018-11225;2018-05-17
CVE-2018-3849;2018-04-16
CVE-2018-8071;2018-04-18
CVE-2018-7507;2018-05-04
CVE-2018-8843;2018-05-14
CVE-2018-6798;2018-04-17
CVE-2018-8148;2018-05-09
CVE-2018-8826;2018-04-20
CVE-2018-8112;2018-05-09
CVE-2013-5461;2018-04-27
CVE-2018-8849;2018-05-18
CVE-2018-10503;2018-04-27
CVE-2018-10539;2018-04-29
CVE-2018-10655;2018-05-10
CVE-2014-0900;2018-04-20
CVE-2017-15855;2018-05-17
CVE-2013-2233;2018-05-04
CVE-2018-10240;2018-05-16
CVE-2018-10809;2018-05-08
CVE-2018-0020;2018-04-11
CVE-2018-9861;2018-04-19
CVE-2018-11102;2018-05-15
CVE-2017-2613;2018-05-15
CVE-2018-0580;2018-05-14
CVE-2018-9984;2018-05-17
CVE-2018-10283;2018-04-21
CVE-2018-8853;2018-05-04
CVE-2018-10375;2018-04-25
CVE-2018-4873;2018-05-19
CVE-2018-1101;2018-05-02
CVE-2018-4929;2018-05-19
CVE-2018-10251;2018-05-04
CVE-2018-11105;2018-05-15
CVE-2017-14459;2018-04-11
CVE-2018-1000158;2018-04-18
CVE-2018-8910;2018-05-10
CVE-2018-10486;2018-05-17
CVE-2017-12716;2018-04-25
CVE-2018-2406;2018-04-10
CVE-2017-9658;2018-04-30
CVE-2018-0583;2018-05-14
CVE-2018-9285;2018-04-04
