2014-01-31;8
2014-03-21;24
2014-03-11;51
2015-02-20;18
2014-01-23;25
2014-06-20;11
2014-01-20;7
2014-05-19;27
2018-02-15;340
2014-02-02;7
2014-03-24;35
2014-03-14;87
2014-02-14;44
2014-02-04;24
2014-02-06;48
2014-01-26;28
2014-01-24;23
2017-10-16;43
2017-10-10;70
2014-01-15;152
2014-02-26;28
2014-07-07;41
2014-04-17;17
2014-04-28;14
2014-02-08;10
2014-06-02;31
2017-10-03;63
2014-02-27;49
2017-10-06;42
2014-04-01;30
2014-04-15;55
2014-03-26;11
2014-05-08;52
2014-03-18;23
2014-11-17;14
2014-03-31;21
2014-02-28;9
2017-10-30;31
2014-10-06;28
2014-05-31;6
2014-03-25;21
2014-04-14;15
2014-05-14;65
2014-02-20;10
2018-01-11;49
2014-04-29;32
2014-03-27;20
2014-03-07;3
2014-04-03;3
2017-05-25;16
2014-07-29;36
2014-04-30;37
2014-07-20;29
2017-12-29;26
2014-05-07;13
2014-03-28;8
2014-10-27;16
2017-08-28;68
2017-08-10;25
2014-05-05;15
2014-04-18;18
2015-02-13;20
2014-09-08;5
2018-04-10;50
2014-04-07;4
2014-04-27;19
2014-04-10;40
2014-09-30;83
2015-01-15;38
2014-04-11;26
2014-04-22;25
2014-07-11;24
2014-05-27;26
2014-05-28;2
2014-08-03;5
2014-11-04;46
2014-05-06;11
2014-06-14;6
2014-04-24;12
2014-05-02;38
2015-01-21;164
2014-06-05;32
2014-05-29;18
2014-05-30;25
2014-06-23;9
2014-11-03;18
2014-09-28;42
2014-06-25;11
2014-07-09;21
2014-05-15;8
2017-11-15;91
2014-06-10;13
2015-02-16;20
2014-11-16;22
2017-03-23;105
2015-06-07;16
2014-08-22;30
2016-05-16;27
2014-06-01;4
2014-07-03;26
2014-06-11;102
2014-02-12;35
2014-03-12;30
2014-04-08;24
2014-08-12;79
2014-08-17;17
2014-08-15;6
2014-03-02;17
2014-03-06;26
2014-04-05;11
2014-03-16;33
2014-03-29;8
2014-04-12;20
2014-04-26;9
2014-09-10;79
2014-04-21;5
2014-04-16;111
2014-07-17;92
2014-04-23;46
2014-10-25;21
2014-06-17;19
2014-08-06;20
2014-08-26;21
2014-09-22;62
2014-09-02;12
2018-03-27;66
2014-02-05;23
2014-02-21;4
2014-10-15;196
2014-09-17;32
2014-11-11;50
2015-07-09;36
2014-12-10;69
2014-01-14;2
2014-04-04;15
2014-06-18;34
2014-08-29;24
2015-02-06;39
2014-07-24;22
2014-09-05;15
2015-07-22;6
2014-01-11;4
2014-10-23;10
2014-01-08;20
2014-02-18;12
2014-05-25;3
2014-08-20;18
2014-05-16;21
2014-05-01;12
2014-01-28;13
2014-01-16;33
2014-01-10;24
2014-01-12;12
2014-01-22;19
2014-01-25;6
2014-01-29;23
2017-10-24;34
2014-02-22;24
2014-02-13;8
2014-12-27;13
2014-01-09;14
2014-01-21;38
2014-10-03;30
2014-02-24;14
2014-04-25;18
2014-08-28;13
2014-04-19;15
2014-01-03;14
2014-01-17;7
2014-01-30;17
2014-02-01;9
2014-05-26;40
2014-04-02;33
2018-04-27;29
2014-03-04;4
2014-08-16;3
2018-04-25;45
2018-04-20;36
2014-06-28;12
2014-05-09;6
2014-07-30;7
2015-05-08;13
2014-06-08;17
2014-06-04;30
2014-10-07;20
2014-05-22;47
2014-07-18;6
2014-07-19;20
2014-08-01;13
2014-08-25;16
2014-02-11;11
2014-09-20;41
2014-09-15;27
2014-11-06;30
2017-09-26;49
2015-02-02;27
2015-06-02;19
2015-01-13;94
2018-04-18;281
2018-01-07;1
2018-02-27;77
2014-02-10;19
2018-03-20;61
2018-04-06;14
2017-08-07;118
2014-07-01;68
2014-05-18;1
2014-08-14;24
2014-09-19;35
2014-11-25;20
2014-11-24;38
2015-01-07;13
2014-01-18;8
2014-12-25;5
2014-03-01;11
2014-08-18;10
2014-07-15;11
2014-03-19;30
2014-04-20;2
2014-07-23;22
2014-09-03;10
2014-09-25;27
2014-12-15;27
2014-10-13;16
2014-12-11;50
2014-03-09;18
2014-03-20;9
2018-01-31;39
2014-11-12;5
2014-02-07;7
2017-04-03;48
2015-01-05;17
2014-03-03;25
2018-04-16;61
2014-12-08;34
2014-04-09;14
2014-05-11;5
2014-05-21;14
2015-07-01;17
2014-07-08;31
2015-02-19;32
2018-02-02;66
2014-05-20;33
2018-01-08;58
2014-03-13;5
2015-05-14;29
2014-12-29;10
2015-01-16;35
2015-08-22;15
2014-06-19;19
2014-06-16;11
2014-09-12;22
2014-11-02;3
2018-01-18;217
2014-02-17;10
2017-10-26;31
2014-12-19;48
2015-03-31;20
2017-09-29;39
2014-11-26;26
2017-01-20;25
2018-03-26;51
2014-10-17;23
2014-10-20;146
2014-05-17;5
2015-03-06;11
2016-09-22;30
2015-02-12;18
2015-05-25;43
2014-11-07;21
2014-03-05;24
2014-12-28;13
2014-09-11;45
2014-07-25;6
2014-12-01;18
2014-12-05;30
2018-03-19;30
2017-10-17;41
2018-04-17;31
2014-05-12;21
2014-06-13;23
2015-08-31;44
2014-10-31;29
2015-01-17;14
2014-08-11;7
2014-10-19;244
2014-07-26;16
2014-11-05;19
2014-11-20;28
2014-07-22;14
2014-06-06;12
2014-12-12;31
2014-10-21;181
2018-03-09;104
2014-05-10;2
2014-07-16;16
2014-08-23;7
2014-10-10;51
2014-10-02;54
2014-10-05;6
2014-09-04;23
2017-04-13;77
2015-01-12;6
2014-09-18;93
2014-07-14;12
2017-04-10;98
2014-07-10;21
2014-07-28;18
2014-10-26;12
2014-05-13;17
2018-02-01;28
2014-06-27;4
2014-10-29;33
2014-06-21;8
2014-09-27;17
2014-12-02;26
2014-07-02;76
2014-09-23;59
2015-01-10;17
2014-12-06;8
2014-06-07;1
2014-11-15;11
2017-10-18;54
2014-08-13;12
2014-08-27;12
2014-10-08;42
2018-02-23;59
2018-02-09;78
2017-04-02;177
2017-12-11;52
2015-12-31;33
2014-06-03;10
2014-10-28;9
2015-01-14;18
2014-08-19;20
2014-08-30;2
2014-12-13;2
2014-09-24;12
2014-11-28;16
2014-12-20;9
2018-04-05;57
2014-08-07;25
2014-05-23;17
2014-10-30;7
2017-08-18;176
2018-01-12;118
2014-07-31;9
2017-06-08;68
2014-08-21;12
2014-12-24;31
2015-01-09;29
2014-10-18;25
2015-08-14;55
2017-10-27;102
2014-12-18;23
2017-03-29;32
2015-04-21;64
2015-05-01;18
2014-09-01;3
2014-11-13;9
2014-11-10;17
2015-08-24;45
2014-11-18;28
2014-11-01;5
2015-03-27;22
2015-01-06;6
2015-07-06;39
2014-10-16;126
2015-11-25;19
2016-05-25;13
2014-10-22;19
2014-11-30;13
2014-11-14;7
2015-03-09;52
2017-10-23;118
2014-09-29;53
2014-10-14;11
2017-03-13;15
2017-03-31;34
2018-02-19;43
2014-12-03;23
2014-06-09;23
2018-02-08;74
2014-06-22;3
2015-01-30;47
2018-03-16;42
2017-08-24;36
2014-12-17;18
2014-12-30;4
2015-02-01;15
2017-02-22;41
2018-01-30;22
2014-07-06;2
2014-07-27;2
2014-07-21;5
2015-06-28;25
2015-05-20;35
2015-02-14;8
2014-11-23;9
2015-02-24;22
2015-06-24;27
2015-06-23;16
2018-03-22;67
2018-01-19;32
2014-12-16;22
2014-09-26;23
2018-01-10;103
2018-03-29;33
2015-04-14;64
2016-01-05;10
2018-03-07;30
2017-08-09;84
2014-12-22;10
2015-01-27;28
2014-12-23;13
2018-02-06;64
2014-10-12;2
2015-02-04;22
2014-11-19;25
2015-02-03;36
2017-09-19;45
2014-11-21;13
2015-04-03;30
2015-03-14;12
2016-10-05;52
2014-11-27;1
2015-03-29;12
2014-12-04;7
2014-09-09;326
2018-01-16;45
2015-04-27;14
2014-11-08;7
2015-02-17;13
2017-09-18;59
2018-04-12;112
2015-03-18;37
2015-03-25;12
2015-03-13;25
2015-02-22;1
2017-08-22;26
2015-04-06;15
2016-04-13;54
2015-06-08;14
2017-06-27;53
2015-02-11;65
2017-09-06;26
2017-03-28;39
2016-01-08;47
2015-10-16;21
2015-05-28;13
2014-10-01;8
2014-10-11;11
2014-10-04;29
2015-09-11;23
2015-08-04;32
2018-03-08;59
2015-01-02;33
2014-10-24;2
2017-09-15;26
2015-03-16;10
2017-08-25;36
2018-01-04;66
2015-06-09;26
2015-02-15;3
2015-03-03;10
2015-07-30;3
2015-10-01;36
2015-02-23;13
2015-01-22;36
2017-07-07;74
2014-10-09;6
2015-03-10;8
2017-06-26;29
2018-03-12;47
2014-12-31;27
2015-01-26;10
2015-03-02;5
2015-07-08;22
2015-06-12;16
2016-06-07;21
2017-06-06;49
2016-12-14;42
2015-10-26;24
2018-01-05;27
2017-04-11;36
2017-01-23;97
2015-01-29;10
2015-05-18;13
2015-01-20;9
2017-12-28;30
2017-08-29;134
2015-07-15;48
2014-12-09;18
2015-06-10;70
2015-09-18;113
2015-05-12;28
2015-03-04;5
2017-08-31;42
2017-03-14;64
2017-03-17;180
2015-02-10;12
2015-09-16;18
2015-01-23;11
2014-12-07;6
2015-11-09;24
2017-09-28;42
2017-08-02;68
2015-07-20;22
2015-10-28;26
2015-10-03;10
2015-01-28;9
2015-03-11;48
2015-05-13;95
2015-06-05;7
2015-09-28;31
2015-02-07;11
2015-05-17;3
2015-09-20;26
2015-03-23;8
2015-01-04;7
2017-06-07;60
2015-03-07;10
2016-08-07;50
2014-12-26;19
2015-01-03;9
2015-01-08;16
2017-09-07;77
2015-09-04;12
2017-09-12;50
2017-03-12;12
2015-08-28;4
2015-03-30;23
2017-04-24;281
2015-02-08;20
2015-02-28;9
2015-02-25;23
2015-03-05;9
2015-05-27;15
2015-04-01;40
2015-04-13;19
2016-05-02;36
2015-06-03;8
2015-05-29;24
2015-06-11;7
2015-06-30;29
2016-05-13;25
2015-08-17;55
2015-09-14;13
2015-11-06;22
2015-10-06;57
2015-11-16;13
2015-11-19;15
2016-02-08;27
2017-09-20;51
2016-04-11;40
2017-02-13;124
2016-04-19;14
2016-05-22;40
2016-03-18;11
2016-03-28;4
2016-04-20;10
2016-06-13;74
2016-07-11;100
2017-03-30;45
2017-04-05;34
2017-03-22;29
2017-03-20;63
2016-07-22;68
2016-08-06;73
2016-08-05;84
2016-06-27;14
2017-02-17;81
2016-08-19;17
2017-04-19;23
2017-01-18;61
2017-01-04;19
2017-02-07;34
2017-02-24;37
2017-04-04;23
2017-05-16;38
2017-03-21;22
2017-05-02;21
2018-04-04;163
2017-06-13;121
2017-05-21;24
2017-06-04;12
2017-06-12;27
2011-03-15;11
2011-01-22;8
2011-01-11;28
2011-01-10;8
2012-06-21;37
2011-01-20;37
2011-01-25;17
2011-01-18;19
2011-04-18;18
2011-02-19;14
2011-01-19;69
2011-02-02;25
2011-01-28;34
2011-02-23;17
2011-01-24;13
2011-03-28;11
2011-02-04;20
2011-01-12;8
2011-04-13;63
2011-03-09;6
2011-02-09;15
2011-02-10;95
2011-02-25;37
2011-03-02;16
2011-03-07;7
2011-05-07;30
2011-06-06;23
2011-06-30;33
2011-08-18;30
2011-01-31;22
2011-03-03;62
2011-03-11;42
2011-03-23;28
2011-10-14;47
2011-04-15;14
2011-06-24;26
2011-07-21;65
2011-07-19;12
2011-08-29;37
2011-08-04;11
2011-08-15;13
2011-09-06;18
2011-10-12;50
2011-01-13;27
2011-03-01;34
2011-03-14;7
2011-03-20;15
2011-07-14;11
2011-10-21;12
2011-12-08;22
2011-09-02;19
2011-06-16;77
2011-02-01;12
2011-03-16;14
2011-02-07;10
2011-02-21;18
2011-03-22;16
2011-10-08;39
2011-05-04;4
2011-05-13;41
2011-03-08;19
2011-01-07;56
2011-02-03;12
2011-02-17;26
2011-04-19;5
2011-05-24;13
2011-05-16;15
2011-05-09;18
2012-11-19;11
2011-03-29;8
2011-02-14;11
2011-02-24;2
2011-02-18;12
2011-10-05;28
2011-04-04;19
2011-04-10;30
2011-04-08;10
2017-08-17;35
2011-01-14;34
2012-08-13;56
2011-02-08;21
2011-02-22;6
2011-05-31;28
2011-08-19;12
2011-07-18;8
2011-07-11;8
2011-10-02;10
2011-05-03;65
2011-09-15;31
2011-02-16;10
2018-05-04;35
2011-05-20;35
2011-03-31;9
2011-04-29;12
2011-06-02;18
2011-05-05;12
2011-04-20;59
2011-06-14;32
2011-07-20;46
2011-03-25;10
2011-04-06;3
2011-05-10;13
2011-02-28;7
2011-04-14;1
2011-10-03;19
2011-11-01;45
2011-07-08;12
2013-03-01;19
2011-02-15;7
2011-03-04;2
2012-11-23;36
2011-03-30;9
2011-06-21;14
2011-03-18;25
2011-04-21;18
2011-04-11;6
2012-01-27;20
2013-03-12;20
2014-01-07;12
2011-06-22;13
2013-06-08;12
2012-01-14;7
2011-10-04;18
2011-07-17;17
2011-07-07;12
2011-08-10;47
2011-07-13;21
2011-06-29;15
2011-07-01;39
2011-07-28;13
2011-08-05;9
2011-03-10;4
2013-02-05;10
2011-08-11;17
2011-10-28;9
2012-01-15;7
2011-10-30;10
2011-10-29;3
2011-11-28;11
2011-11-09;16
2012-11-09;9
2011-11-11;27
2012-01-19;16
2011-11-26;3
2012-01-04;10
2012-03-02;8
2011-12-23;11
2012-05-14;5
2011-12-27;14
2012-03-13;26
2012-08-30;17
2011-04-22;9
2012-06-16;30
2011-10-23;4
2013-07-29;45
2011-07-27;27
2011-04-27;26
2011-12-14;37
2011-09-20;11
2011-11-04;12
2011-11-15;7
2011-10-20;7
2011-04-05;12
2012-02-02;34
2011-05-23;7
2011-08-31;7
2011-05-26;14
2011-08-12;11
2011-06-08;5
2011-10-22;6
2011-08-25;9
2011-06-09;36
2011-12-31;3
2011-09-19;38
2011-08-01;13
2012-06-13;32
2012-06-07;17
2012-04-13;15
2014-02-15;20
2012-10-03;11
2011-04-28;1
2011-09-22;9
2012-02-21;45
2011-11-02;54
2012-06-20;20
2011-12-05;8
2017-10-20;17
2012-01-26;4
2011-11-08;11
2012-06-04;22
2011-10-10;10
2011-10-07;26
2012-07-22;18
2011-09-14;11
2011-08-09;23
2011-08-23;13
2011-10-18;59
2012-01-18;80
2011-08-03;31
2011-09-29;14
2011-06-03;2
2013-09-19;43
2011-07-29;11
2011-09-21;8
2011-12-01;6
2011-12-07;29
2012-04-17;11
2012-07-03;45
2012-07-26;16
2013-03-08;16
2012-05-24;33
2013-12-27;5
2011-07-06;5
2011-09-23;68
2011-10-27;11
2012-05-02;31
2011-10-24;9
2011-11-03;17
2012-05-25;8
2012-12-21;20
2012-12-05;24
2011-11-17;10
2012-01-13;14
2012-08-29;47
2012-03-08;74
2011-10-25;18
2013-10-01;52
2011-09-30;5
2012-02-16;21
2012-03-05;17
2012-03-22;22
2012-03-09;6
2012-03-10;1
2012-05-29;11
2012-03-23;3
2012-03-30;8
2012-04-05;33
2012-05-01;9
2012-05-16;30
2012-12-13;15
2011-08-16;4
2012-09-05;40
2011-11-29;15
2011-10-19;32
2011-11-07;2
2011-11-30;10
2012-04-09;5
2017-09-08;58
2012-01-08;18
2011-09-16;20
2011-08-24;7
2011-10-06;13
2012-01-17;2
2011-12-17;7
2011-09-08;8
2012-02-18;11
2011-12-24;8
2011-12-30;22
2011-09-12;13
2012-01-25;23
2012-07-17;99
2012-02-15;22
2012-05-03;111
2012-05-17;21
2011-09-27;25
2012-01-02;4
2011-12-21;7
2012-02-01;11
2012-06-18;1
2011-09-24;67
2012-09-19;35
2012-01-29;20
2011-12-16;59
2012-04-12;4
2011-11-19;5
2011-09-28;16
2011-12-13;18
2012-10-07;10
2012-01-07;3
2012-01-24;23
2012-08-20;37
2013-12-09;46
2013-01-05;4
2012-02-09;20
2011-12-22;7
2012-05-09;42
2011-12-02;12
2012-02-10;7
2011-11-21;4
2012-02-06;5
2012-04-03;5
2011-11-12;4
2012-02-17;7
2013-10-26;6
2012-01-06;11
2012-10-22;33
2011-12-06;7
2012-07-16;28
2011-11-16;4
2011-11-24;22
2011-12-29;17
2012-01-03;7
2012-07-11;16
2013-01-04;22
2013-03-07;22
2011-11-23;19
2014-02-03;5
2011-12-15;22
2012-02-12;4
2012-10-08;50
2017-08-08;316
2011-12-10;3
2013-03-05;31
2012-01-10;14
2015-04-24;17
2011-11-10;2
2012-08-06;63
2012-03-01;11
2011-11-22;9
2012-02-03;14
2013-03-21;27
2013-05-23;17
2011-12-20;4
2012-10-01;49
2012-07-20;17
2016-04-14;21
2011-12-25;16
2013-06-07;14
2013-08-23;20
2013-05-02;21
2012-11-20;12
2013-01-24;44
2012-09-25;30
2017-09-25;49
2013-08-13;3
2011-12-09;1
2012-01-12;3
2012-01-05;3
2012-04-18;14
2012-02-05;1
2012-01-30;5
2012-08-08;12
2012-10-06;14
2012-03-15;19
2012-06-27;63
2012-09-18;24
2012-09-09;19
2012-08-27;19
2012-08-31;58
2017-12-20;134
2012-09-17;21
2013-12-12;17
2012-02-08;31
2012-02-14;59
2012-03-19;33
2012-04-02;11
2012-08-14;38
2012-08-22;35
2012-08-23;30
2012-08-24;4
2012-08-26;65
2012-09-06;80
2012-09-07;57
2012-09-15;29
2012-09-20;60
2012-09-23;19
2012-10-04;26
2012-10-09;63
2012-10-25;31
2012-11-06;8
2012-12-31;10
2013-01-12;8
2013-01-31;42
2013-02-12;27
2013-11-05;23
2013-12-24;15
2014-01-02;10
2015-01-01;34
2010-01-29;8
2010-01-14;13
2010-01-26;6
2010-01-19;7
2010-03-19;35
2010-04-05;43
2010-02-02;12
2010-02-25;18
2010-01-08;8
2010-01-09;6
2010-02-10;36
2010-01-13;50
2010-08-11;46
2010-04-14;40
2010-01-22;12
2010-01-20;11
2010-02-03;12
2010-12-22;45
2010-03-15;42
2010-03-30;49
2010-07-13;71
2010-04-01;48
2010-04-13;66
2010-04-08;15
2010-05-04;29
2010-03-10;50
2010-03-18;20
2010-04-27;24
2010-02-19;17
2010-02-23;22
2010-10-28;25
2010-11-15;18
2010-08-30;17
2010-12-14;29
2010-08-17;22
2010-05-13;28
2010-03-31;28
2010-02-16;5
2010-01-21;19
2010-01-28;22
2010-02-11;21
2010-09-14;10
2010-03-03;22
2010-01-06;15
2010-02-22;25
2010-03-23;47
2010-03-25;40
2010-06-28;23
2010-06-24;33
2010-02-15;12
2010-07-28;45
2010-10-05;33
2010-10-18;13
2010-01-07;20
2010-01-15;37
2010-02-04;17
2010-07-15;9
2010-01-12;14
2010-06-18;30
2010-02-24;6
2010-02-08;10
2010-06-01;18
2010-02-12;15
2010-03-05;42
2010-02-17;4
2010-01-18;16
2010-01-25;18
2010-06-10;11
2010-03-16;28
2010-04-07;11
2010-05-05;5
2010-05-19;40
2010-09-28;6
2010-02-18;25
2010-08-24;20
2010-04-15;10
2010-03-24;19
2010-02-09;2
2010-03-26;28
2010-03-29;24
2010-05-14;20
2010-06-08;47
2010-12-09;20
2010-05-21;11
2010-06-17;28
2010-06-21;21
2010-06-11;56
2010-02-05;17
2010-09-10;18
2010-04-22;16
2010-05-27;34
2010-02-26;23
2010-03-02;19
2010-05-12;42
2010-04-28;18
2010-04-16;14
2010-04-12;21
2010-06-03;17
2010-04-20;27
2010-05-20;24
2014-01-13;6
2010-04-06;24
2010-02-27;9
2010-05-17;9
2010-09-21;10
2010-10-20;32
2010-11-09;25
2010-10-13;44
2010-04-29;28
2010-09-15;25
2010-05-07;43
2010-07-12;36
2010-08-10;20
2010-03-08;14
2010-06-15;78
2010-04-09;18
2010-05-06;32
2010-04-21;19
2010-04-23;28
2010-03-27;6
2013-10-28;28
2010-08-20;26
2010-06-30;21
2010-06-25;26
2010-07-30;45
2010-10-07;7
2010-12-02;24
2010-09-03;16
2010-07-06;26
2010-08-19;24
2010-06-22;16
2010-06-07;12
2010-04-19;13
2010-05-26;14
2010-08-02;18
2010-08-16;24
2010-07-02;31
2010-11-06;20
2010-08-23;11
2010-04-26;17
2010-07-08;30
2010-08-09;18
2010-10-04;6
2010-05-03;16
2011-01-03;16
2010-05-24;16
2010-10-26;12
2010-07-22;34
2010-09-24;23
2010-09-09;27
2010-08-25;31
2010-08-31;12
2010-11-16;22
2010-08-05;27
2010-05-28;16
2010-06-16;14
2012-06-25;7
2010-05-25;21
2010-09-08;15
2010-09-20;19
2010-06-02;14
2010-09-07;26
2010-06-09;7
2010-09-13;8
2010-10-06;28
2010-10-14;91
2010-06-29;18
2010-09-29;14
2010-09-30;9
2010-12-16;52
2010-11-10;15
2010-10-19;55
2010-10-29;13
2010-11-03;9
2010-12-17;12
2010-11-12;15
2010-12-06;31
2010-12-08;14
2010-10-08;11
2010-09-23;12
2010-08-26;38
2010-07-25;16
2010-11-05;17
2010-10-12;5
2010-11-26;23
2010-08-13;4
2010-09-17;19
2010-11-22;34
2010-08-21;4
2010-08-27;18
2010-10-25;16
2010-10-21;31
2010-10-23;8
2010-09-22;16
2010-09-16;24
2013-11-23;60
2010-11-04;4
2010-11-07;20
2010-12-30;38
2010-12-10;18
2010-11-30;7
2010-12-29;24
2010-11-17;22
2010-12-23;10
2010-11-02;18
2010-11-29;9
2010-10-27;4
2010-12-07;26
2017-03-11;9
2010-12-01;16
2011-04-07;6
2011-10-09;42
2011-10-16;2
2012-06-29;26
2012-05-21;43
2012-05-30;1
2012-09-14;11
2012-08-25;55
2012-11-26;18
2013-06-28;14
2013-08-25;24
2013-09-20;20
2016-04-15;19
2017-01-13;41
2017-02-06;32
2005-05-02;816
2005-04-14;31
2005-04-27;21
2005-10-05;25
2005-12-31;384
2005-05-10;2
2005-05-19;12
2005-08-10;29
2004-12-22;5
2005-01-13;4
2005-01-24;6
2005-02-11;2
2005-01-29;2
2005-02-19;3
2005-01-15;2
2005-01-25;4
2005-01-11;7
2005-03-08;11
2005-02-07;6
2005-02-01;2
2005-02-16;3
2005-05-03;81
2005-02-25;3
2005-03-05;2
2005-01-14;2
2005-01-18;2
2005-05-18;28
2005-09-21;32
2005-03-23;6
2005-02-15;5
2005-05-26;11
2005-06-13;8
2005-02-02;1
2005-02-22;5
2005-01-26;3
2005-03-07;20
2005-01-06;3
2005-01-19;2
2004-10-06;3
2004-09-29;1
2005-01-22;2
2005-06-29;25
2005-01-17;6
2005-01-31;1
2005-02-03;1
2005-02-08;3
2005-02-18;3
2005-02-17;2
2005-03-14;20
2005-02-10;2
2005-01-01;1
2005-01-03;4
2005-01-04;3
2005-01-10;217
2005-01-16;1
2005-01-20;3
2005-01-27;33
2005-01-28;5
2005-04-07;3
2005-03-16;1
2005-05-31;23
2005-08-23;53
2005-07-05;49
2005-02-09;31
2004-10-07;1
2005-01-12;2
2005-03-15;8
2005-09-01;2
2005-02-14;6
2005-02-12;1
2005-02-21;7
2005-03-30;15
2005-06-14;14
2005-02-20;1
2005-02-23;6
2005-02-24;4
2005-04-12;16
2005-07-12;35
2005-03-25;3
2005-03-04;2
2005-05-04;15
2005-02-28;8
2005-03-02;8
2005-03-01;35
2005-03-03;2
2005-03-06;4
2005-04-25;9
2005-03-21;3
2005-03-09;3
2005-03-10;3
2005-04-01;1
2005-03-27;1
2005-04-18;4
2005-04-22;3
2005-04-19;2
2005-06-08;13
2005-05-13;2
2005-03-12;2
2005-06-23;1
2005-06-28;7
2005-06-18;1
2005-03-24;3
2005-03-28;3
2005-03-26;3
2005-05-05;17
2005-03-29;5
2005-03-31;1
2005-05-12;13
2005-04-06;2
2005-04-05;1
2005-04-10;2
2005-04-29;1
2005-04-08;3
2005-04-11;2
2005-04-09;1
2005-04-15;5
2005-04-13;3
2005-05-25;11
2005-07-18;24
2005-05-16;38
2005-04-20;5
2005-04-24;4
2004-01-15;1
2005-06-22;9
2005-05-11;56
2005-05-17;21
2005-06-16;32
2005-06-15;11
2005-06-10;3
2005-08-05;18
2005-04-26;3
2005-04-23;3
2005-05-06;4
2005-05-09;2
2005-08-15;2
2005-07-19;31
2005-05-14;26
2005-05-20;14
2005-07-26;22
2005-05-24;46
2005-06-12;5
2005-08-02;2
2005-06-09;41
2005-10-07;4
2005-07-11;39
2005-05-27;4
2005-06-01;24
2005-05-29;5
2005-05-28;6
2005-05-30;1
2005-06-02;7
2005-07-07;1
2005-08-24;15
2005-08-03;41
2005-08-30;24
2005-09-02;31
2005-06-03;2
2005-06-07;5
2005-06-06;5
2005-06-05;1
2005-09-14;32
2005-07-06;24
2005-11-18;39
2005-12-14;49
2005-06-11;1
2005-10-12;12
2005-10-13;9
2005-06-20;14
2005-06-17;8
2005-06-19;2
2005-09-08;31
2005-06-21;2
2005-06-30;1
2005-07-13;28
2005-08-16;36
2005-10-25;10
2005-08-17;32
2005-10-21;12
2005-11-29;45
2005-08-19;33
2005-07-08;2
2005-07-09;2
2005-07-15;1
2005-07-20;8
2005-07-27;22
2005-09-06;12
2005-10-27;38
2005-11-21;24
2005-08-01;6
2005-08-04;3
2005-10-20;15
2005-08-07;8
2005-09-15;5
2005-08-08;1
2005-10-26;15
2005-08-12;8
2005-09-28;18
2005-11-05;13
2005-09-16;16
2005-11-16;63
2005-09-30;15
2005-10-14;47
2005-08-26;7
2005-09-23;7
2005-11-20;10
2005-09-27;28
2005-08-29;3
2005-11-01;44
2005-12-01;39
2005-08-31;1
2005-09-07;21
2005-10-04;11
2005-09-09;3
2005-09-13;4
2005-09-20;26
2005-12-07;26
2005-10-28;2
2005-10-18;7
2005-10-23;24
2005-11-04;13
2005-09-22;14
2005-09-24;8
2005-09-26;4
2005-10-06;21
2005-10-17;3
2005-10-30;26
2005-11-06;17
2005-12-08;29
2005-12-16;29
2005-10-24;2
2005-12-27;3
2005-12-28;35
2005-12-13;23
2005-11-02;47
2005-11-03;17
2005-11-07;2
2005-11-09;1
2005-11-23;19
2005-12-11;27
2005-12-22;46
2005-11-17;7
2005-12-10;11
2005-12-21;38
2005-11-19;11
2005-11-22;34
2005-11-24;18
2005-11-25;7
2005-11-26;35
2005-11-27;12
2005-11-30;26
2005-12-02;2
2005-12-03;14
2005-12-04;12
2005-12-05;36
2005-12-06;15
2005-12-09;13
2005-12-12;2
2005-12-15;23
2005-12-17;35
2005-12-19;10
2005-12-20;76
2005-12-23;11
2005-12-29;23
2005-12-30;5
2009-02-18;9
2009-03-31;35
2009-10-19;31
2009-11-20;20
2012-07-25;113
2016-10-14;38
2017-01-10;16
2017-07-17;214
2017-02-26;1
2017-02-20;154
2017-04-12;154
2017-05-12;174
2017-09-13;136
2017-07-11;63
2017-06-15;112
2017-06-22;19
2017-05-15;29
2017-05-09;40
2017-12-21;51
2017-04-06;32
2017-03-08;109
2017-02-15;92
2018-04-13;41
2017-05-23;117
2017-06-09;68
2017-07-02;11
2017-07-20;87
2017-01-12;159
2017-02-08;86
2017-04-07;87
2017-06-14;37
2017-07-06;69
2017-09-14;130
2017-10-04;46
2017-11-16;124
2017-12-06;52
2017-11-13;97
2017-05-08;26
2017-06-02;33
2017-10-11;80
2017-11-27;55
2018-03-21;30
2018-03-28;56
2017-09-05;26
2017-10-05;90
2017-11-01;33
2017-11-17;100
2017-11-03;33
2017-09-11;82
2017-10-31;47
2018-01-29;36
2017-06-19;38
2017-06-05;30
2017-06-17;2
2017-12-12;58
2018-01-26;55
2017-11-30;58
2017-12-07;36
2018-01-02;40
2018-01-25;39
2018-01-09;34
2018-01-22;27
2018-01-03;58
2018-01-24;52
2017-10-19;229
2018-03-13;72
2017-11-14;22
2017-10-13;96
2017-08-19;5
2017-06-29;38
2017-06-30;35
2017-08-06;10
2017-07-18;28
2017-07-24;34
2017-07-05;180
2017-07-01;2
2017-09-03;9
2017-07-03;15
2017-07-19;30
2017-07-04;30
2017-08-04;38
2017-11-02;23
2017-09-01;30
2017-10-12;23
2017-12-01;41
2017-12-22;24
2017-12-08;30
2017-12-16;22
2017-05-22;127
2017-02-02;15
2018-02-20;28
2017-07-21;35
2017-09-21;82
2017-12-05;60
2018-03-30;71
2018-04-11;88
2017-05-10;31
2017-06-28;18
2018-04-03;170
2017-07-13;18
2017-07-08;8
2017-08-03;13
2017-07-31;66
2017-07-10;33
2017-08-01;29
2017-08-11;100
2017-08-14;20
2017-08-30;51
2017-08-23;33
2017-07-12;39
2017-06-21;32
2017-11-06;29
2017-07-28;30
2017-03-27;59
2017-12-09;86
2017-04-20;101
2017-03-07;64
2018-05-19;38
2017-10-22;74
2017-12-13;104
2017-11-10;35
2017-06-23;13
2017-08-21;18
2017-09-22;41
2017-11-20;26
2017-04-28;76
2017-07-25;58
2017-04-25;37
2017-11-08;19
2017-04-14;60
2017-07-22;13
2017-07-23;35
2017-05-05;43
2017-12-19;22
2017-04-17;31
2017-07-26;36
2018-02-26;30
2017-10-25;7
2017-07-27;31
2017-07-30;14
2017-12-27;106
2017-04-26;11
2017-07-29;12
2017-12-04;22
2018-04-24;102
2017-11-07;44
2018-05-14;50
2018-01-20;5
2018-02-21;44
2017-11-22;162
2018-02-28;28
2018-03-14;133
2017-12-15;19
2018-02-07;60
2017-08-05;23
2018-05-02;63
2017-08-27;4
2018-03-01;53
2017-10-14;3
2017-12-18;22
2018-01-23;64
2017-09-09;14
2017-12-26;3
2017-12-30;24
2017-08-15;6
2017-08-16;20
2017-05-26;27
2017-08-20;5
2018-04-23;24
2018-02-12;54
2017-09-30;48
2017-11-23;7
2017-12-25;23
2017-11-29;16
2018-04-26;36
2018-05-01;31
2017-12-23;1
2017-11-18;4
2017-09-02;4
2017-09-04;12
2017-09-10;2
2017-09-17;20
2017-11-28;16
2018-03-02;46
2018-05-09;103
2017-12-03;8
2018-02-16;22
2017-09-23;11
2017-09-27;9
2017-10-01;1
2018-03-15;64
2017-10-02;10
2017-10-09;4
2018-02-14;38
2017-11-21;19
2018-01-14;20
2018-03-23;29
2017-10-15;6
2018-03-06;52
2018-05-17;139
2018-02-05;41
2018-04-21;6
2018-02-13;28
2017-10-28;8
2017-10-29;30
2017-12-10;3
2017-12-14;35
2017-11-11;1
2017-11-04;17
2017-11-05;4
2017-11-09;11
2017-11-12;6
2018-01-17;6
2017-11-19;1
2018-03-05;51
2017-11-24;7
2017-11-25;5
2017-11-26;1
2017-12-17;4
2017-12-02;6
2018-02-03;9
2018-04-19;200
2018-04-30;29
2018-05-08;34
2018-05-16;28
2018-02-04;6
2017-12-31;4
2018-03-24;13
2018-04-22;14
2018-01-01;11
2018-01-21;7
2018-01-27;7
2018-02-11;3
2018-02-22;48
2018-02-24;11
2018-03-04;12
2018-03-10;4
2018-03-18;9
2018-03-31;9
2018-04-08;5
2018-04-28;3
2018-05-10;50
2018-05-18;31
2017-03-03;50
2017-05-30;16
2017-01-15;10
2018-05-15;37
2017-03-26;9
2017-05-11;24
2017-02-27;30
2017-03-01;58
2017-02-03;44
2017-03-10;24
2017-05-24;17
2018-04-09;14
2017-01-11;52
2017-01-24;10
2017-04-27;20
2017-06-20;31
2017-05-27;9
2017-06-01;13
2017-01-27;261
2017-02-12;6
2017-05-04;19
2017-02-01;143
2017-01-26;31
2017-02-09;52
2017-03-15;88
2017-05-18;41
2017-05-17;21
2017-05-31;8
2017-07-09;3
2017-05-19;30
2017-01-02;4
2017-02-05;3
2017-01-05;14
2017-03-06;16
2017-03-24;47
2017-01-28;45
2017-01-09;5
2017-01-16;2
2017-03-02;48
2017-05-03;28
2017-01-14;10
2017-03-16;20
2017-01-17;7
2017-01-21;1
2017-01-30;57
2017-02-28;12
2017-01-25;10
2017-03-19;3
2017-05-01;31
2017-04-18;14
2017-02-04;3
2017-02-21;21
2017-02-10;9
2017-02-14;4
2017-02-18;3
2017-02-16;6
2018-05-11;25
2017-05-06;11
2017-02-23;8
2017-03-09;28
2017-03-05;16
2017-03-04;8
2017-04-29;9
2017-06-16;74
2017-03-18;3
2017-04-21;47
2017-03-25;1
2017-05-28;10
2017-04-01;11
2017-05-14;4
2017-04-09;26
2017-04-16;1
2017-08-26;1
2017-04-30;29
2017-04-15;2
2017-05-29;26
2017-04-22;6
2017-04-23;19
2017-05-07;1
2017-06-11;3
2017-06-18;2
2017-06-24;7
2017-06-25;10
2006-09-12;34
2006-01-10;15
2006-04-12;14
2006-02-14;13
2006-07-11;19
2006-03-14;49
2006-04-11;56
2006-01-20;3
2006-06-13;47
2006-02-08;27
2006-03-15;10
2006-05-10;30
2006-01-11;19
2006-01-23;3
2006-03-22;17
2006-05-19;35
2006-03-10;28
2006-02-18;23
2006-01-31;17
2006-01-18;59
2006-02-13;34
2006-03-07;51
2006-04-26;38
2006-03-13;9
2006-03-23;20
2006-04-05;15
2006-03-31;16
2006-04-10;8
2006-01-27;12
2006-01-05;11
2006-01-03;6
2006-01-04;13
2006-01-09;39
2006-01-06;12
2006-01-07;7
2006-01-12;7
2006-02-24;18
2006-01-13;19
2006-01-14;5
2006-01-15;1
2006-01-16;9
2006-01-25;36
2006-01-19;22
2006-01-17;3
2006-04-25;50
2006-02-02;25
2006-01-30;3
2006-01-24;1
2006-01-21;25
2006-01-22;24
2006-03-02;15
2006-03-03;24
2006-03-06;18
2006-08-03;16
2006-08-05;24
2006-01-26;10
2006-02-06;8
2006-02-07;10
2006-02-15;42
2006-06-27;40
2006-03-29;21
2006-02-17;4
2006-02-01;27
2006-05-09;40
2006-02-04;22
2006-03-12;13
2006-04-14;29
2006-04-04;14
2006-02-09;18
2006-02-10;18
2006-02-11;1
2006-02-16;16
2006-02-23;24
2006-02-27;5
2006-03-09;57
2006-04-18;33
2006-03-21;22
2006-05-23;13
2006-02-19;28
2006-02-20;3
2006-02-21;19
2006-03-24;16
2006-07-21;91
2006-02-22;17
2006-02-25;14
2006-02-28;32
2006-03-01;10
2006-08-21;38
2006-04-08;1
2006-03-28;38
2006-05-05;33
2006-04-20;77
2006-03-30;36
2006-03-27;1
2006-03-08;4
2007-02-06;38
2006-08-14;42
2006-06-07;28
2006-05-28;2
2006-05-31;43
2006-07-08;1
2006-07-29;2
2006-03-16;1
2006-03-17;3
2006-04-19;29
2006-03-19;49
2006-07-13;56
2006-12-31;125
2007-02-13;29
2006-03-20;5
2006-03-26;7
2006-03-25;3
2006-04-03;17
2006-04-15;3
2006-05-12;66
2006-05-24;33
2006-06-29;28
2006-08-02;8
2006-04-27;19
2006-05-22;42
2006-05-02;17
2006-05-03;14
2006-05-18;7
2006-04-13;39
2006-04-01;8
2006-04-02;12
2006-04-06;27
2006-04-07;16
2006-04-17;4
2006-04-21;36
2006-04-24;4
2006-05-17;19
2006-05-01;22
2006-04-28;1
2006-04-29;25
2006-08-25;6
2006-05-04;29
2006-09-19;62
2006-06-08;6
2006-07-05;4
2006-06-15;28
2006-06-26;9
2006-06-30;21
2006-06-28;30
2007-02-08;34
2006-05-08;2
2006-05-11;8
2006-06-02;41
2006-05-15;19
2006-12-13;8
2006-10-10;86
2006-05-16;31
2006-06-01;39
2006-05-25;16
2006-06-23;41
2006-08-15;3
2006-06-06;45
2006-07-18;59
2006-07-07;29
2006-06-09;15
2006-07-31;23
2006-09-08;23
2006-05-20;9
2006-05-29;1
2006-05-26;11
2006-05-27;3
2006-05-30;38
2006-06-03;15
2006-06-05;25
2006-06-16;16
2006-06-21;16
2006-07-10;27
2006-08-23;24
2006-07-27;40
2006-09-28;23
2006-09-06;41
2006-06-20;2
2006-06-12;39
2006-06-19;36
2006-06-22;37
2006-06-14;4
2006-06-17;1
2006-08-09;42
2006-08-08;18
2006-07-25;35
2006-08-17;39
2006-08-07;17
2006-08-26;15
2006-08-31;55
2006-06-24;20
2006-07-03;14
2006-07-28;21
2006-07-06;53
2006-07-12;20
2006-11-14;27
2006-09-14;36
2006-10-23;19
2007-05-11;47
2006-09-21;23
2006-07-14;1
2006-08-04;4
2006-07-24;33
2006-07-26;1
2006-09-13;42
2006-08-11;25
2006-11-21;31
2007-03-02;114
2006-12-04;47
2007-05-22;37
2006-12-19;8
2006-08-01;24
2006-11-22;38
2007-06-11;45
2006-08-16;13
2006-08-10;22
2006-11-29;9
2006-10-16;11
2007-06-14;32
2007-07-15;43
2006-09-26;20
2007-03-26;4
2006-10-24;20
2006-11-28;32
2007-07-18;40
2006-08-18;14
2006-09-29;29
2006-10-31;26
2006-12-07;47
2007-04-10;48
2006-08-22;12
2006-09-09;22
2006-08-24;26
2006-08-30;11
2006-09-05;9
2006-09-15;27
2006-10-17;34
2006-08-27;11
2006-08-28;6
2006-10-03;51
2006-11-30;25
2006-11-18;5
2006-08-29;23
2006-09-20;1
2006-10-05;25
2006-10-28;11
2006-10-12;31
2006-11-01;16
2007-07-10;48
2007-04-30;46
2006-11-04;26
2006-09-01;12
2006-11-07;23
2006-09-07;31
2006-09-11;14
2006-09-27;53
2006-10-27;28
2006-11-08;31
2006-10-18;70
2006-12-20;46
2007-03-29;1
2006-09-22;3
2006-12-14;62
2006-10-20;35
2006-09-23;30
2006-09-25;15
2007-01-16;32
2006-10-11;7
2008-11-17;30
2007-07-12;19
2007-02-20;9
2006-10-13;11
2006-10-25;26
2006-11-03;30
2006-10-19;5
2006-10-21;1
2006-11-06;40
2006-11-10;31
2006-10-26;43
2006-12-12;17
2007-04-04;8
2006-10-30;6
2006-11-09;4
2006-11-27;7
2006-12-02;14
2007-06-27;53
2007-01-30;50
2006-11-17;26
2007-04-02;35
2006-12-03;9
2006-12-06;17
2007-02-14;22
2006-11-11;5
2006-11-26;15
2006-12-11;19
2006-12-18;31
2006-12-10;56
2007-02-23;28
2006-11-15;29
2006-11-16;15
2007-01-19;56
2006-11-20;16
2006-11-24;26
2006-12-21;26
2006-12-15;43
2006-12-05;15
2006-12-01;41
2006-12-28;33
2006-12-08;16
2006-12-27;31
2007-01-18;38
2007-02-22;23
2006-12-22;3
2006-12-23;24
2006-12-26;23
2006-12-29;18
2007-01-11;28
2007-01-12;16
2007-01-13;20
2007-01-17;41
2007-01-23;44
2007-01-24;12
2007-01-29;34
2007-02-04;13
2007-02-07;39
2007-02-09;20
2007-02-12;43
2007-02-15;25
2007-02-24;23
2007-03-03;41
2007-03-04;2
2007-03-05;13
2007-03-06;36
2007-03-07;59
2007-03-10;45
2007-03-20;61
2007-03-21;43
2007-03-27;24
2007-03-30;32
2007-04-03;35
2007-04-12;48
2007-04-18;85
2007-05-10;12
2007-04-25;44
2007-05-09;65
2007-05-14;41
2007-05-24;34
2007-06-22;35
2007-06-26;46
2007-06-29;19
2007-07-03;46
2007-07-05;29
2007-07-06;28
2007-07-25;38
2007-08-28;23
2007-09-14;28
2007-12-03;3
2007-11-14;27
2007-11-15;73
2008-10-27;16
2008-12-11;18
2009-01-02;24
2009-04-21;26
2012-02-29;3
2012-01-28;5
2012-10-30;1
2012-11-02;8
2012-06-17;13
2012-04-11;21
2012-10-16;67
2012-03-14;25
2012-03-28;17
2012-03-31;2
2012-04-19;3
2012-04-10;16
2012-06-12;24
2012-07-10;14
2012-06-22;11
2012-01-23;1
2012-01-20;14
2012-03-06;3
2012-05-04;8
2012-08-07;20
2012-07-12;34
2012-04-22;11
2012-12-03;38
2012-02-22;4
2012-10-12;5
2012-06-05;26
2012-09-08;8
2012-03-26;3
2013-12-31;12
2012-04-27;6
2012-09-04;13
2012-07-13;12
2012-07-19;4
2012-05-23;5
2012-03-17;2
2012-07-05;20
2012-07-23;19
2012-10-18;3
2012-03-03;6
2012-02-13;5
2012-02-25;4
2012-03-29;13
2012-03-20;12
2012-04-20;8
2012-06-01;3
2012-12-24;5
2013-12-02;9
2012-09-28;27
2012-12-25;4
2013-01-26;5
2013-02-24;34
2012-02-11;2
2012-04-25;39
2013-03-28;31
2013-04-17;152
2013-01-17;93
2012-03-12;5
2012-05-11;19
2012-05-08;3
2012-10-02;4
2013-04-07;2
2012-02-23;10
2012-09-10;44
2012-07-30;5
2012-04-06;6
2012-12-28;10
2012-08-17;20
2012-06-19;14
2012-10-05;12
2012-04-30;5
2012-07-18;29
2012-05-31;3
2012-12-26;24
2012-11-24;13
2012-02-07;9
2012-02-24;14
2013-04-03;19
2013-02-06;15
2012-09-26;31
2012-04-16;2
2012-05-15;9
2012-03-18;2
2013-09-27;16
2012-03-07;28
2012-05-27;14
2012-03-21;45
2012-07-09;10
2012-03-16;7
2012-08-15;52
2012-11-14;31
2012-09-21;5
2013-01-10;28
2012-12-12;26
2013-02-02;51
2012-05-18;12
2012-08-28;12
2012-04-28;6
2012-11-13;8
2012-06-08;12
2012-06-11;2
2012-09-11;8
2012-03-27;5
2015-05-21;9
2012-05-22;7
2013-03-11;21
2012-06-30;6
2012-06-09;12
2012-09-12;8
2012-11-22;2
2013-01-22;10
2012-06-26;3
2013-01-18;11
2012-04-24;1
2012-08-09;6
2015-08-25;8
2012-10-20;6
2012-08-21;17
2012-07-27;2
2013-01-11;8
2012-08-16;23
2012-10-10;40
2013-01-21;10
2012-07-21;15
2013-01-03;16
2012-07-07;5
2012-04-21;6
2012-11-10;1
2012-08-12;35
2013-09-23;27
2012-10-31;25
2012-07-31;12
2012-06-15;6
2012-12-27;5
2013-02-08;21
2012-11-16;15
2012-11-28;14
2014-01-05;4
2012-06-02;2
2012-11-01;7
2013-04-16;14
2013-08-09;34
2013-12-10;13
2012-09-16;16
2012-08-10;7
2012-10-17;67
2013-01-14;1
2013-02-01;1
2012-11-07;24
2012-11-29;3
2012-12-06;7
2013-01-25;3
2013-02-13;79
2013-02-16;7
2012-06-14;16
2012-12-08;5
2012-11-08;6
2013-02-20;22
2012-12-19;18
2013-07-19;5
2012-12-20;10
2012-11-04;49
2012-09-24;3
2013-02-26;2
2012-11-21;45
2012-11-11;19
2013-04-12;10
2013-06-01;5
2012-09-13;58
2012-11-03;3
2013-08-01;17
2012-09-27;9
2012-10-26;4
2012-07-24;3
2013-09-17;12
2013-10-05;10
2013-10-14;5
2013-09-24;9
2013-09-26;4
2013-09-25;22
2013-10-02;32
2013-10-13;25
2013-10-19;14
2013-10-21;5
2013-12-21;32
2013-10-03;27
2012-10-23;6
2012-10-29;9
2012-11-30;26
2012-12-18;18
2012-12-11;4
2013-02-18;12
2012-08-19;7
2013-10-09;43
2012-11-18;21
2013-03-14;13
2012-10-28;1
2013-04-25;28
2013-02-28;10
2012-11-27;9
2013-02-15;11
2013-04-18;14
2013-01-28;1
2012-12-23;3
2013-04-04;14
2015-06-13;22
2012-12-30;1
2013-02-27;14
2013-04-01;8
2012-11-15;4
2013-05-01;21
2013-06-20;15
2013-01-01;6
2012-10-11;12
2012-12-04;6
2013-01-15;24
2013-01-19;4
2013-02-14;9
2013-03-09;18
2013-07-22;14
2013-04-24;16
2013-04-28;3
2013-04-26;10
2013-04-29;15
2012-10-24;4
2013-12-13;27
2013-01-27;20
2013-02-22;10
2013-08-19;23
2013-04-09;31
2013-08-30;9
2013-07-03;24
2013-03-06;9
2013-07-10;71
2012-11-17;34
2013-03-20;29
2013-03-26;7
2013-04-30;3
2013-04-23;5
2012-12-10;2
2013-09-06;17
2013-09-16;65
2013-04-21;3
2013-04-02;10
2013-04-10;15
2013-05-21;7
2013-07-01;13
2013-12-03;5
2013-07-18;29
2013-02-19;18
2013-05-27;7
2013-01-02;14
2013-01-08;1
2013-03-29;17
2013-03-15;33
2013-05-10;25
2013-06-17;21
2013-06-21;23
2013-06-25;9
2013-06-27;11
2013-07-24;5
2013-08-20;30
2013-08-31;19
2013-11-25;6
2013-12-07;53
2015-06-17;19
2016-06-16;94
2016-06-29;18
2016-12-28;13
2018-04-02;25
2018-01-13;26
2018-05-06;4
2018-05-03;13
2018-04-29;15
2018-05-13;4
2018-05-05;6
2018-05-07;14
2018-05-12;7
2018-05-20;4
2018-01-06;4
2018-01-15;4
2018-02-17;31
2018-02-18;11
2018-01-28;1
2018-04-01;8
2018-03-11;5
2018-02-25;6
2018-03-25;35
2018-03-17;3
2018-04-07;10
2018-07-11;88
2018-10-10;110
2018-08-14;33
2018-06-07;66
2018-10-05;130
2018-06-08;86
2018-11-08;38
2018-06-20;44
2018-06-21;37
2018-07-16;33
2018-07-18;252
2018-08-15;101
2018-10-17;260
2018-08-01;53
2018-08-09;14
2018-12-04;80
2018-06-13;51
2018-06-12;43
2018-07-28;9
2018-07-02;30
2018-08-21;25
2018-09-05;50
2018-10-04;27
2018-06-26;141
2018-07-26;19
2018-09-07;58
2018-09-04;52
2018-11-15;41
2018-07-17;37
2018-08-13;32
2018-08-27;23
2018-11-30;37
2018-09-14;30
2018-11-27;95
2018-12-26;33
2018-10-30;37
2018-10-29;105
2018-06-14;67
2018-09-13;104
2018-05-24;47
2018-06-05;50
2018-06-22;23
2018-06-06;20
2018-07-13;37
2018-08-20;60
2018-07-09;423
2018-12-28;88
2018-09-06;48
2018-09-18;72
2018-10-08;47
2018-12-20;134
2018-12-10;31
2018-12-03;54
2018-06-02;60
2018-12-05;28
2018-07-25;29
2018-05-22;59
2018-11-20;36
2018-08-16;13
2018-10-12;113
2018-12-12;81
2018-05-30;29
2018-05-25;42
2018-05-23;30
2018-06-11;111
2018-06-17;26
2018-05-31;51
2018-06-01;40
2018-05-29;32
2018-09-24;27
2018-08-30;53
2018-07-27;19
2018-11-01;27
2018-07-31;111
2018-07-03;111
2018-06-18;26
2018-07-24;32
2018-09-26;62
2018-10-01;47
2018-06-19;38
2018-10-09;58
2018-06-04;22
2018-07-19;44
2018-08-10;28
2018-05-21;12
2018-05-28;11
2018-10-16;23
2018-08-22;18
2018-07-30;19
2018-06-15;34
2018-11-29;44
2018-09-11;30
2018-06-29;37
2018-07-10;80
2018-08-17;28
2018-07-05;126
2018-07-06;73
2018-07-12;30
2018-07-23;60
2018-08-02;22
2018-06-25;28
2018-08-31;13
2018-08-24;23
2018-11-02;27
2018-11-26;59
2018-10-02;76
2018-09-28;62
2018-10-18;57
2018-09-17;29
2018-06-16;16
2018-09-21;61
2018-11-28;37
2018-09-20;40
2018-10-26;31
2018-07-04;16
2018-07-07;8
2018-08-07;12
2018-05-26;17
2018-09-19;49
2018-06-28;19
2018-08-23;40
2018-06-23;11
2018-08-08;22
2018-10-31;35
2018-09-25;53
2018-09-10;35
2018-10-24;33
2018-12-19;30
2018-12-07;53
2018-12-13;47
2018-06-09;1
2018-10-03;39
2018-06-10;1
2018-09-12;64
2018-10-15;32
2018-11-14;157
2018-12-14;28
2018-08-29;44
2018-10-22;14
2018-11-06;51
2018-11-13;38
2018-10-11;16
2018-08-04;8
2018-06-27;27
2018-08-03;41
2018-10-19;41
2018-06-24;4
2018-07-20;157
2018-10-23;48
2018-06-30;4
2018-07-01;8
2018-08-28;22
2018-11-05;22
2018-07-08;9
2018-08-06;42
2018-07-15;12
2018-07-21;1
2018-07-22;3
2018-11-09;30
2018-09-27;15
2018-10-25;7
2018-07-29;1
2018-12-17;71
2018-08-05;21
2018-12-06;75
2018-09-01;20
2018-12-24;41
2018-08-18;8
2018-08-26;6
2018-11-16;39
2018-11-19;9
2018-08-25;27
2018-11-07;45
2018-09-02;28
2018-09-03;31
2018-12-11;53
2018-09-16;28
2018-09-08;7
2018-09-09;7
2018-12-21;30
2018-12-18;18
2018-09-15;9
2018-12-31;34
2018-09-22;6
2018-09-23;16
2018-10-06;2
2018-09-29;2
2018-09-30;6
2018-11-12;43
2018-10-07;4
2018-10-14;4
2018-11-21;14
2018-10-20;2
2018-10-21;4
2018-11-03;3
2018-11-04;6
2018-11-10;7
2018-11-11;9
2018-11-17;20
2018-11-18;4
2018-11-22;12
2018-11-23;13
2018-11-24;1
2018-11-25;3
2018-12-09;3
2018-12-01;8
2018-12-02;1
2018-12-22;14
2018-12-08;8
2018-12-15;3
2018-12-23;40
2018-12-25;26
2018-12-27;5
2018-12-30;29
2018-08-12;3
2016-01-13;28
2016-03-09;53
2016-02-10;71
2016-11-10;75
2016-02-18;14
2016-04-12;85
2016-05-11;156
2016-09-14;76
2016-01-18;8
2016-10-16;14
2016-03-14;5
2016-01-27;15
2016-04-28;5
2016-02-29;12
2016-07-03;46
2016-06-28;3
2016-03-03;19
2016-07-07;7
2016-02-15;30
2016-10-21;10
2016-10-22;9
2016-09-26;57
2016-07-08;12
2016-06-26;11
2016-05-24;1
2016-08-08;27
2016-07-15;27
2016-11-24;11
2016-03-19;4
2016-06-01;17
2016-04-05;12
2016-08-30;6
2016-09-01;16
2016-05-17;13
2016-11-25;78
2016-07-17;5
2016-06-30;42
2016-09-12;24
2016-05-15;3
2016-07-01;5
2016-06-03;8
2016-07-02;21
2016-06-19;37
2016-01-21;216
2016-04-21;118
2016-09-30;5
2016-07-21;192
2016-03-24;62
2016-03-02;4
2016-02-25;7
2016-05-18;4
2016-05-26;14
2016-02-22;27
2016-04-07;36
2016-01-29;19
2016-06-09;12
2016-02-16;13
2016-02-17;27
2016-03-13;47
2016-09-02;19
2016-04-27;28
2016-01-14;20
2016-04-01;6
2016-03-01;6
2016-02-07;20
2016-03-12;49
2016-04-18;55
2016-01-15;40
2016-02-05;2
2016-02-13;14
2016-01-30;15
2016-01-28;1
2016-01-26;12
2016-09-19;9
2016-04-06;22
2016-05-31;15
2016-02-12;14
2016-09-18;28
2016-05-03;4
2016-07-04;12
2016-05-07;18
2016-09-21;43
2016-07-06;6
2016-05-30;7
2016-06-04;9
2016-11-15;5
2016-06-10;22
2016-06-23;9
2016-08-22;11
2016-09-24;11
2016-10-06;42
2016-10-07;13
2016-10-25;162
2016-10-27;18
2016-10-10;108
2016-12-19;2
2016-12-24;4
2016-12-27;2
2016-12-30;9
2016-12-25;2
2017-01-31;48
2016-04-09;23
2017-01-19;39
2016-12-29;43
2017-01-01;1
2017-01-03;5
2016-04-22;29
2016-10-13;99
2016-04-30;19
2016-01-16;7
2016-01-22;15
2016-02-19;6
2016-02-23;6
2016-03-26;7
2016-04-08;21
2016-04-25;29
2016-06-25;14
2016-05-14;25
2016-06-05;36
2016-01-12;24
2016-08-02;14
2016-10-03;45
2016-09-07;37
2016-11-29;9
2016-11-23;6
2016-09-09;14
2016-01-03;16
2016-02-04;2
2016-02-11;1
2016-01-20;13
2016-02-26;2
2016-02-06;6
2016-02-09;4
2016-04-16;2
2016-02-24;3
2016-08-18;6
2016-05-05;25
2016-07-28;10
2016-05-28;3
2016-05-12;5
2016-05-21;2
2016-05-29;2
2016-06-08;40
2016-09-03;8
2016-10-28;35
2016-06-18;3
2016-07-12;17
2016-08-01;14
2016-08-23;5
2016-09-17;16
2016-08-26;19
2016-02-03;12
2017-01-06;53
2016-04-26;5
2016-01-25;11
2016-02-14;6
2016-02-21;4
2016-03-06;16
2016-03-29;8
2016-07-23;18
2016-02-01;21
2016-05-20;84
2016-01-19;11
2016-02-20;9
2016-01-31;16
2016-03-15;2
2016-03-16;5
2016-03-17;4
2016-03-22;4
2016-05-09;41
2016-05-06;7
2016-06-20;7
2016-09-16;15
2016-05-19;1
2016-03-04;14
2016-12-23;29
2016-12-13;42
2016-03-25;1
2016-12-21;3
2016-02-28;12
2016-02-27;8
2016-07-19;10
2016-09-28;3
2016-12-15;58
2016-05-23;28
2016-11-30;40
2016-12-01;11
2016-10-01;3
2016-10-29;6
2016-07-13;131
2016-12-16;25
2016-03-31;2
2016-11-08;35
2016-08-09;32
2016-06-17;6
2016-09-11;61
2016-07-26;4
2016-11-03;22
2016-09-27;9
2016-08-25;8
2016-11-18;6
2016-09-08;4
2016-09-29;6
2016-12-11;48
2016-05-01;8
2016-12-20;44
2016-05-10;5
2016-09-25;77
2016-06-24;6
2016-08-03;9
2016-07-05;8
2016-12-10;18
2016-08-24;7
2016-12-18;13
2016-06-14;6
2016-08-31;13
2016-12-06;2
2016-08-13;3
2016-08-10;6
2016-12-09;18
2016-08-29;1
2016-08-12;4
2016-07-25;10
2016-11-19;13
2016-09-20;22
2016-12-31;6
2016-12-22;6
2016-09-06;5
2016-12-05;7
2016-12-17;9
2016-11-01;1
2016-11-16;13
2016-10-31;13
2016-12-08;13
2016-10-26;6
2016-11-04;21
2016-11-28;15
2016-11-02;1
2016-11-14;7
2016-11-07;2
2016-10-30;6
2016-11-22;10
2016-12-26;3
2016-11-11;9
2016-11-12;2
2016-11-17;5
2016-12-12;34
2016-12-02;2
2016-12-03;9
2004-02-17;39
2004-03-03;48
2004-01-20;25
2004-02-03;25
2004-06-14;9
2004-10-20;44
2004-03-15;29
2004-11-23;134
2004-12-31;1098
2004-04-15;39
2004-06-01;40
2004-03-29;25
2004-08-06;108
2004-08-18;64
2004-05-04;30
2004-09-28;30
2004-11-03;33
2004-11-24;1
2004-02-23;2
2004-12-06;49
2004-07-07;36
2004-05-03;3
2004-12-21;2
2004-02-21;1
2004-12-23;34
2004-09-17;1
2004-07-27;53
2004-09-02;4
2004-08-05;1
2004-08-24;6
2004-09-16;12
2004-09-13;6
2004-08-25;2
2004-08-28;2
2004-09-07;2
2004-09-09;2
2004-09-14;2
2004-09-08;1
2004-12-20;3
2004-10-05;1
2004-02-28;1
2004-01-10;1
2005-01-21;3
2004-12-10;1
2004-04-12;6
2004-12-28;1
2004-04-26;7
2004-12-02;7
2004-12-03;2
2004-11-01;1
2004-01-14;2
2004-12-15;10
2004-02-16;1
2004-02-08;3
2004-11-12;1
2004-12-29;1
2004-12-27;2
2004-12-16;1
2004-12-18;3
2004-11-16;1
2004-06-21;1
2004-06-19;1
2004-08-10;2
2004-09-06;1
2004-10-04;1
2004-10-30;1
2004-12-07;1
2004-12-01;1
2004-10-19;2
2004-05-14;1
2004-04-23;6
2004-04-07;1
2004-03-12;1
2004-03-04;1
2004-02-27;1
2004-08-04;12
2004-09-01;5
2004-12-30;1
2004-09-21;5
2004-10-13;4
2004-10-12;5
2004-10-16;4
2004-10-15;1
2004-10-18;14
2004-09-30;1
2004-10-14;2
2004-10-21;3
2004-10-22;4
2004-10-23;2
2004-10-25;5
2004-10-24;1
2004-10-26;3
2004-08-29;3
2004-08-30;5
2004-08-31;7
2004-09-04;1
2004-09-05;2
2004-09-10;3
2004-09-11;1
2004-09-12;2
2004-08-26;2
2004-08-15;1
2004-09-15;2
2004-09-18;4
2004-09-20;1
2004-09-24;1
2004-08-09;2
2004-07-30;4
2004-08-02;2
2004-08-11;2
2004-08-16;3
2004-08-17;5
2004-08-20;7
2004-08-21;1
2004-08-23;3
2004-07-22;1
2004-06-15;1
2004-04-13;3
2004-01-21;2
2004-12-17;1
2004-03-11;3
2004-11-30;1
2001-02-28;2
2004-01-03;2
2004-01-04;1
2004-03-16;2
2004-03-18;2
2004-03-20;5
2004-03-22;3
2004-03-24;7
2004-03-23;4
2004-03-19;1
2004-03-25;2
2004-03-26;4
2004-03-30;4
2004-04-02;1
2004-04-08;3
2004-04-09;2
2004-04-10;2
2004-04-11;5
2004-04-14;3
2004-04-19;7
2004-04-20;3
2004-04-21;3
2004-04-25;3
2004-04-27;3
2004-04-28;1
2004-04-29;1
2004-04-30;7
2004-05-02;3
2004-04-04;1
2004-05-05;8
2004-05-06;3
2004-05-07;1
2004-05-08;3
2004-05-10;1
2004-05-21;2
2004-05-22;2
2004-05-24;1
2004-05-26;3
2004-01-29;3
2004-05-28;1
2004-05-29;5
2004-05-01;1
2004-07-23;1
2004-07-24;2
2004-07-19;1
2004-07-29;3
2004-02-06;3
2004-02-09;5
2004-02-13;1
2004-02-11;2
2004-02-07;2
2004-02-04;1
2004-02-12;1
2004-02-10;1
2004-01-24;2
2004-01-23;1
2004-01-27;1
2004-01-28;1
2004-02-19;1
2009-01-05;12
2009-06-01;20
2009-06-02;16
1999-12-30;4
1998-10-12;1
1998-04-01;6
1997-12-16;3
1998-07-20;4
1998-07-14;1
1998-06-26;4
1998-06-08;1
1998-04-08;11
1998-02-06;2
1998-01-22;1
1998-01-21;2
1997-12-01;4
1997-12-10;1
1997-12-05;1
1996-04-24;1
1997-11-05;1
1996-07-03;1
1996-07-24;1
1997-08-13;1
1997-07-16;6
1997-07-08;2
1996-10-25;1
1997-06-12;1
1997-05-29;2
1997-05-26;2
1997-05-21;1
1997-04-26;1
1997-05-06;1
1997-05-01;2
1997-02-13;1
1997-04-07;2
1996-12-04;1
1996-12-03;2
1996-12-10;3
1997-02-06;1
1997-01-28;1
1997-01-27;2
1997-01-08;1
1996-12-01;1
1997-01-06;2
1998-11-04;1
1998-10-13;1
1998-06-10;2
1998-05-14;1
1998-09-09;2
1998-11-16;1
1997-04-17;1
1997-07-14;1
1998-03-16;1
1997-10-02;1
1998-08-03;1
1999-01-11;1
1998-08-31;2
1995-07-31;2
1996-03-20;1
1997-10-19;1
1998-04-29;3
1996-04-01;1
1997-09-01;9
1997-10-22;1
1995-10-13;1
1997-07-01;17
1996-10-16;1
1995-01-01;1
1996-04-18;1
1997-09-12;1
1995-11-30;1
1997-01-11;1
1988-11-11;1
1997-06-11;1
1990-05-01;1
1996-08-21;1
1998-01-08;1
1998-02-01;6
1998-10-26;2
1997-10-28;2
1997-10-01;9
1997-10-29;5
1988-10-01;1
1995-10-19;1
1997-01-01;41
1998-07-09;1
1996-02-08;1
1997-03-01;6
1997-12-30;1
1998-05-01;2
1997-02-10;1
1994-05-23;1
1998-01-01;8
1996-09-19;1
1992-03-31;1
1998-11-01;1
1999-01-19;2
1994-03-21;1
1999-01-21;2
1997-07-21;3
1995-12-01;3
1993-08-09;1
1998-01-25;1
1998-05-03;1
1996-12-19;2
1996-12-18;1
1996-11-16;1
1996-09-11;1
1996-08-15;1
1996-08-14;1
1996-08-06;1
1996-07-25;1
1996-07-31;1
1996-07-09;1
1996-06-26;1
1998-12-12;1
1999-06-30;3
1996-03-29;1
1996-03-01;1
1996-02-21;1
1997-06-01;4
1993-09-30;1
1997-07-15;1
1997-04-19;1
1995-04-03;1
1997-08-11;1
1999-12-31;92
1995-08-31;1
1998-08-18;1
1998-08-12;1
1998-09-01;5
1995-08-29;1
1991-12-06;1
1992-06-04;1
1995-08-02;1
1997-02-01;4
1996-07-01;1
1997-07-10;2
1994-01-01;1
1997-09-30;1
1998-10-01;5
1998-12-17;1
1997-06-04;1
1997-10-18;1
1999-05-01;8
1999-01-01;112
1995-08-17;1
1996-10-01;4
1994-06-09;1
1995-12-12;1
1990-08-14;1
1997-11-26;2
1994-02-14;1
1998-07-15;4
1992-07-21;2
1997-11-01;4
1995-10-01;1
1999-03-01;22
1999-07-23;1
1998-02-14;1
1997-02-07;1
1999-05-12;3
1997-12-15;1
1995-02-01;1
1996-02-25;1
1996-10-08;1
1995-02-17;1
1997-08-01;5
1995-11-01;1
1995-03-01;1
1995-09-07;1
1998-11-02;2
1998-02-13;1
1997-05-23;1
1996-12-24;2
1998-08-04;1
1998-07-16;4
1998-01-27;1
1998-03-01;7
1997-09-23;2
1998-08-01;6
1998-04-03;1
1998-01-15;2
1997-06-10;1
1996-10-28;1
1998-06-01;4
1997-04-01;3
1999-04-09;6
1999-12-12;2
1998-02-21;1
1999-02-01;6
1996-12-12;1
1997-02-05;1
1997-03-05;2
1998-05-21;1
1997-11-04;1
2000-12-20;1
1996-11-01;2
1993-01-13;1
1998-07-01;3
1999-11-25;3
1998-12-01;7
1998-02-20;2
1996-09-01;1
1993-12-16;1
1996-08-01;1
1994-06-03;1
1994-02-24;1
1998-10-02;3
1997-10-16;1
1999-01-26;4
1999-01-27;3
1999-02-08;2
1999-01-25;4
1999-02-10;2
1999-11-01;7
2001-03-12;71
1999-01-30;1
1999-02-02;5
1999-02-04;2
1999-02-09;3
1999-02-11;2
1999-02-12;2
1999-02-16;3
1999-02-20;2
1999-02-22;4
1999-02-25;3
1999-02-26;1
1999-03-12;1
1999-11-29;4
1999-01-03;3
1999-01-04;2
1999-01-05;1
1999-01-10;1
1999-02-17;3
1999-01-02;4
1999-02-14;1
1999-02-18;3
1999-02-19;8
1999-03-04;3
1999-03-05;1
1999-03-07;1
1999-03-11;3
1999-03-09;1
1999-03-08;4
1999-03-17;4
1994-06-01;1
1999-03-18;2
2000-05-01;8
1999-03-22;2
1999-03-21;2
1999-03-30;1
1999-04-05;3
1999-01-07;1
1999-04-01;12
1999-04-12;2
1999-12-25;3
1999-01-17;2
1999-01-06;2
1999-01-28;2
1999-04-21;3
1999-04-07;3
1999-02-23;1
1999-05-17;4
1999-04-20;3
1999-04-23;1
1999-06-07;1
1991-09-27;1
1996-05-29;1
1998-01-05;2
1996-05-28;1
2000-07-01;1
2000-06-01;10
2000-01-20;2
1992-03-01;1
1997-09-19;4
1999-08-21;2
1999-09-01;5
1999-08-03;3
1999-08-01;2
1999-08-08;2
1999-08-09;4
1999-08-13;1
1999-08-06;2
1999-07-30;4
1999-04-19;1
1999-09-02;4
1999-05-07;6
1999-09-13;8
1999-07-01;5
1999-07-19;3
2000-03-02;4
1999-08-11;5
2000-04-11;6
1999-09-09;2
1999-07-29;3
1999-09-10;3
1999-09-16;5
2000-04-27;2
1999-09-21;1
1999-07-25;1
1999-04-29;1
1999-04-27;1
1999-06-11;1
1999-02-15;2
1999-05-20;1
1999-08-05;2
1999-08-23;1
1999-07-20;3
1999-06-23;3
1999-08-12;2
1999-08-19;5
1999-07-06;3
1999-06-12;1
1999-06-26;1
2000-01-04;13
1999-06-22;1
1999-08-20;5
1999-08-18;2
1999-08-16;3
1999-06-24;2
1999-08-17;1
1999-05-11;5
1999-05-27;3
2000-09-16;1
1999-05-24;1
1999-05-19;3
1999-10-21;3
1999-09-08;1
1999-08-25;4
1999-05-26;3
1999-06-01;7
1999-08-31;2
1999-06-10;2
1999-09-23;6
1999-06-25;2
1998-09-03;2
1998-11-18;4
1998-06-16;1
1999-09-22;2
1999-09-17;2
1999-09-26;1
1999-09-28;2
2000-04-01;1
1999-10-06;2
1999-11-17;4
1999-10-01;9
1998-06-29;2
1998-12-04;2
1999-05-25;2
1999-05-10;1
1999-07-09;1
1999-07-21;4
2000-07-12;8
1999-08-10;1
1998-05-10;2
1999-09-15;1
1999-11-20;1
1999-12-01;16
1999-11-08;5
1999-11-30;4
1999-12-03;7
1999-12-02;6
1999-11-19;3
1999-11-09;6
1999-11-10;8
1998-12-02;1
1999-11-04;9
1999-11-24;4
1997-02-20;1
1998-09-04;1
1999-10-30;1
1999-06-16;2
1999-08-22;3
1999-10-26;4
1999-10-28;4
1999-10-25;2
1999-11-03;2
1999-12-24;1
1999-10-11;1
1999-10-20;1
1999-10-23;3
1999-09-20;1
1999-08-27;2
1999-06-29;1
1999-07-03;1
1999-09-03;2
1999-05-23;1
1999-09-30;4
1999-12-15;3
1998-12-03;3
1999-06-28;3
1999-08-26;1
1999-09-27;2
1998-07-28;2
1999-10-04;6
1999-10-15;1
1999-10-24;1
1999-11-02;5
1999-10-22;4
1997-06-18;1
1998-01-12;1
1998-03-20;1
1996-09-21;1
1997-05-14;1
2000-01-01;3
1998-12-26;2
1998-09-29;2
1999-06-05;1
1997-07-22;1
1999-12-09;3
1999-12-07;2
1999-12-10;2
2000-05-16;10
1999-12-08;2
1999-12-05;2
1999-11-18;2
1999-12-04;1
1999-12-06;2
2000-01-18;4
1999-12-13;3
1999-12-16;6
1999-12-20;2
2000-01-12;4
1999-12-19;2
2000-05-17;5
1999-12-14;3
1999-05-04;2
1999-07-28;2
1999-07-27;1
1998-09-18;1
1992-12-30;1
1994-10-02;1
2001-11-28;13
1998-11-12;2
1996-12-20;1
1998-05-07;2
1999-05-28;1
1999-05-13;1
1991-12-31;1
1991-05-23;1
1998-05-27;2
1998-08-27;1
1999-10-18;1
1998-09-05;1
1999-02-21;1
1999-11-12;2
1999-11-16;4
1999-08-24;2
1998-09-25;1
1990-10-25;1
1999-11-22;1
1992-02-25;1
1997-10-04;2
1999-12-22;9
1997-05-07;3
1997-07-23;1
1997-11-08;1
1998-07-25;1
1998-11-30;3
1998-03-18;1
1999-05-06;3
1995-05-10;1
2002-01-15;3
1999-10-08;3
1998-06-12;1
1999-07-15;2
1997-01-09;1
1996-12-13;1
1991-09-10;1
1997-10-06;1
1998-05-16;1
1995-03-03;2
1996-11-22;1
1996-04-03;1
1999-11-14;2
1998-04-14;1
1990-12-31;1
1997-05-03;1
1998-03-11;1
1992-04-27;1
1997-01-04;1
1992-03-19;1
1989-07-26;1
1991-05-20;1
1997-10-24;2
1994-05-18;1
1994-04-20;1
1998-07-30;1
1993-10-01;1
1993-09-17;2
1997-12-14;1
1997-05-15;1
1992-05-27;1
1997-05-28;1
1997-01-30;1
1997-01-07;2
1994-05-04;1
1998-06-30;2
1998-06-03;2
1998-11-09;3
1997-05-13;2
1998-12-29;1
1997-02-02;1
1996-11-03;1
1993-05-24;1
1999-07-11;1
1999-01-14;3
1998-12-18;1
2001-12-21;14
1998-01-10;1
1998-05-15;1
1997-07-17;1
1998-04-02;1
1998-10-06;1
1996-01-02;1
1996-08-26;1
1998-12-27;2
1999-11-15;1
1997-05-19;2
1997-06-24;1
1991-05-14;1
1991-05-01;1
1999-05-05;1
1990-12-20;1
1990-10-03;3
1998-08-07;1
1999-02-06;1
1998-07-03;2
1998-05-11;2
1996-06-07;2
1998-02-18;1
1997-11-20;1
1997-11-12;1
1991-03-27;2
1997-09-15;1
1993-09-16;1
1993-04-22;1
1997-07-25;1
1993-02-18;1
1994-08-11;1
1997-08-24;2
1996-11-17;1
1997-10-08;1
1998-09-27;1
1998-02-25;2
1997-12-24;1
1999-06-09;2
1997-05-16;1
1999-06-06;1
1994-09-21;1
1994-07-13;1
1996-11-26;1
1994-02-07;1
1999-04-15;1
1999-04-06;1
1999-02-24;1
1994-11-30;5
1997-08-19;1
1996-09-04;1
1991-01-15;1
2003-08-15;1
1998-09-22;1
1997-06-13;1
1997-05-05;1
1998-07-11;1
1998-06-11;3
1997-12-29;1
1997-09-08;1
1998-12-07;1
1998-12-24;1
1998-12-25;1
1998-12-10;1
1998-08-14;1
1998-11-05;2
1997-05-09;2
1998-11-19;1
1998-11-11;1
1998-10-05;1
1996-09-17;1
1997-04-29;1
1997-02-03;1
1996-07-16;2
1992-12-10;2
1997-07-31;1
1996-08-30;1
1993-02-24;1
1996-05-23;1
1996-05-17;1
1996-01-03;1
1997-07-04;1
1999-10-17;1
1999-10-13;2
1999-10-05;3
1999-10-07;3
1999-09-29;1
1999-09-24;3
1999-09-07;1
1999-08-30;2
1998-05-09;1
1999-05-15;1
1999-04-14;1
1999-03-23;2
2005-01-05;1
1997-05-04;1
1998-10-08;1
1996-09-13;1
1996-10-30;1
1997-04-02;1
1994-05-13;1
1998-04-28;1
1999-05-21;1
1999-07-02;1
1992-11-17;1
1997-08-20;1
1999-06-03;2
1996-12-05;1
1997-05-17;1
1998-07-29;2
1998-03-09;1
1998-11-26;1
1996-08-03;1
1991-08-23;1
1998-08-23;2
1997-07-30;1
1997-06-26;1
1997-11-10;5
2005-01-07;1
1998-07-13;1
1998-07-10;1
1998-07-08;1
1998-07-07;1
1991-02-22;1
1998-01-02;1
1998-06-22;1
1998-06-02;1
1998-02-02;1
1997-08-05;1
1999-07-13;1
1989-10-26;1
1991-10-22;1
1989-01-01;1
1998-06-24;1
1997-06-19;1
1999-05-31;2
1997-03-04;1
1998-05-28;1
1996-02-02;1
1991-12-18;1
1994-08-09;1
1999-06-08;1
1999-12-21;7
1998-04-06;1
1998-04-10;1
1998-04-07;1
1990-01-29;1
1993-02-03;1
1999-09-12;1
1999-08-07;1
1997-03-14;1
1999-11-23;2
1999-11-07;2
1999-10-29;1
1999-07-07;1
1999-07-10;1
1999-01-24;1
1999-07-14;1
1999-01-29;2
1999-03-02;1
1994-07-20;1
1990-10-31;1
1999-03-31;1
1999-09-05;2
2000-10-14;1
1999-05-08;1
2001-07-17;9
2002-05-01;1
1999-12-28;5
1998-07-06;1
1999-10-31;1
2000-12-14;1
1995-08-23;1
1997-12-23;1
2009-01-15;24
1999-12-23;4
1999-12-29;5
1999-12-26;2
1999-12-27;5
2000-10-20;131
2000-01-06;3
2000-01-11;4
2000-01-10;3
2000-01-05;2
2000-01-07;1
2000-01-17;5
2000-01-13;2
2000-01-02;3
2000-04-18;5
2000-02-04;3
2000-01-21;3
2000-01-19;1
2000-02-16;4
2000-01-24;1
2000-01-26;4
2000-02-01;20
2000-01-31;2
2000-01-29;2
2000-02-02;3
2000-01-27;3
2000-01-30;1
2000-02-03;5
2000-05-02;8
2000-02-10;1
2000-02-11;3
2000-02-07;2
2000-02-05;1
2000-02-08;4
2000-02-12;1
2000-03-30;3
1999-03-26;1
2000-02-18;3
2000-02-17;1
2000-02-21;4
2000-02-20;1
1999-11-13;1
2000-02-15;3
2000-03-04;1
2000-03-15;4
2000-02-26;1
2000-03-11;3
2000-03-03;2
2000-03-10;3
2000-03-09;3
2000-02-29;4
2000-02-28;6
2000-03-14;2
2000-02-23;4
2000-03-08;2
2000-02-27;3
2000-03-01;3
2000-03-05;2
2000-02-24;6
2000-02-14;1
2000-03-06;1
2000-02-25;1
2000-03-07;1
2000-03-20;2
2000-03-23;1
2000-03-17;3
2000-03-22;2
2000-03-13;1
2000-03-16;1
2000-03-31;4
2000-03-27;3
2000-03-21;2
2000-03-25;2
2000-03-29;1
2000-04-24;8
2000-04-26;2
2000-04-14;4
2000-04-06;3
2000-04-05;1
2000-04-19;3
2000-04-12;8
2000-04-16;5
2000-04-17;2
2000-04-20;5
2000-04-09;1
2000-04-10;4
2000-04-03;4
2000-08-03;1
2000-04-07;2
2000-03-26;1
2000-04-21;4
2000-04-04;1
2000-05-03;7
2000-05-10;5
2000-05-19;3
2000-04-23;2
2000-04-25;2
1999-11-11;1
2000-04-29;1
2000-04-28;1
2000-09-28;1
2000-06-07;7
2000-06-08;8
2000-05-05;3
2000-05-08;3
2000-05-09;1
1990-05-09;1
2000-05-18;6
2000-05-24;10
2000-05-15;2
2000-05-13;3
2000-05-30;5
2000-05-25;2
2000-05-12;2
2000-05-11;7
2000-05-06;1
2000-05-04;4
2000-05-23;2
2000-05-22;2
2000-05-29;4
2000-05-28;2
2000-04-22;2
2000-05-27;1
2000-06-20;2
2000-06-02;1
2000-06-14;5
2000-02-06;1
2000-06-15;4
2000-06-16;5
2000-06-06;6
2000-06-04;2
2000-06-21;13
2000-06-19;5
2000-05-31;2
2000-06-09;9
1994-12-19;1
2000-05-26;2
2000-06-05;8
2000-06-12;1
2000-06-22;5
2000-06-17;1
2000-06-13;2
2000-08-08;1
2000-07-03;1
2000-07-18;5
2000-06-30;6
2000-06-27;5
2000-07-05;6
2000-07-07;4
2000-07-02;1
2000-06-24;1
2000-06-29;3
2000-06-26;6
2000-07-04;2
2000-06-25;1
2000-07-10;4
2000-06-23;2
2000-07-19;4
2000-07-20;4
2000-07-17;4
2000-07-11;6
2000-07-14;2
2000-07-26;2
2000-06-11;1
2000-07-08;2
2000-07-21;5
2000-07-13;2
2000-07-24;1
2000-07-25;6
2000-07-16;1
2000-07-27;3
2000-12-19;108
2000-11-14;68
2000-10-06;1
2001-02-12;72
2001-02-16;37
2001-07-21;34
2001-01-09;111
2000-12-11;79
2000-08-29;1
2000-11-01;2
2001-08-31;55
2001-08-20;1
2000-10-13;1
2000-09-30;1
2002-08-12;242
2002-03-22;1
2000-12-16;1
2000-12-18;1
2000-10-18;2
2001-09-19;2
2000-11-21;1
2000-01-08;2
2000-12-10;1
2000-11-20;1
2000-11-23;1
2000-12-31;20
2001-06-02;51
2001-03-13;2
2001-05-03;82
2001-01-01;4
2001-03-26;30
2001-06-27;85
2001-07-02;46
2001-06-18;44
2001-08-22;46
2001-08-14;43
2001-10-30;22
2001-09-20;62
2001-12-20;7
2001-11-30;8
2001-05-22;1
2001-08-02;24
2001-08-06;1
2001-12-06;74
2001-10-03;1
2001-08-29;4
2001-11-14;2
2001-12-14;3
2001-10-01;3
2001-10-18;64
2001-05-24;7
2001-05-30;1
2001-12-12;2
2001-12-13;4
2001-11-26;4
2001-12-19;1
2001-12-11;5
2002-01-31;14
2001-11-13;3
2001-11-11;1
2001-11-15;3
2001-11-16;1
2001-11-18;2
2001-11-19;2
2001-11-20;3
2001-06-22;2
2001-11-21;8
2001-11-22;4
2001-10-25;1
2001-11-27;1
2001-09-21;2
2001-11-29;1
2001-12-02;1
2001-12-03;1
2001-12-04;5
2001-12-07;3
2001-12-08;2
2001-09-22;1
2001-09-11;4
2001-09-12;8
2001-09-15;3
2001-09-18;2
2001-07-16;20
2001-09-03;2
2001-07-23;3
2001-09-13;2
2001-09-08;4
2001-09-14;1
2001-07-22;2
2001-09-04;5
2001-07-24;3
2001-09-05;5
2001-09-02;2
2001-09-24;3
2001-09-07;3
2001-07-25;3
2001-10-16;1
2001-07-26;5
2001-07-27;2
2001-07-09;3
2001-05-28;5
2001-07-18;4
2001-09-27;4
2001-09-25;1
2001-09-23;1
2001-01-08;1
2001-07-11;8
2001-07-01;2
2001-01-11;1
2001-07-06;2
2001-10-02;16
2001-07-13;2
2001-07-30;4
2002-02-13;5
2001-07-31;2
2001-10-09;4
2001-07-04;3
2001-07-05;4
2001-06-15;1
2001-06-21;2
2001-06-19;2
2001-06-26;2
2001-06-05;2
2001-09-10;12
2001-08-23;2
2001-10-10;4
2001-10-07;1
2001-03-03;1
2001-08-13;4
2001-08-10;1
2001-08-03;4
2001-10-05;3
2001-10-08;4
2001-11-02;1
2001-08-21;5
2001-08-09;1
2001-09-06;2
2001-07-10;3
2001-07-12;9
2001-08-17;2
2001-06-13;1
2001-10-15;2
2001-08-28;1
2001-08-30;1
2001-08-12;1
2001-06-23;1
2001-06-16;1
2002-04-01;7
2001-09-29;1
2001-07-19;12
2001-12-10;1
2001-12-15;3
2001-12-17;5
2001-12-28;2
2001-12-27;2
2001-12-30;5
2001-12-31;108
2001-12-18;2
2002-03-25;53
2001-12-26;2
2001-12-23;1
2001-12-25;2
2001-06-29;5
2001-07-07;1
2001-06-30;1
2001-09-28;1
2001-06-11;6
2001-08-07;5
2001-06-06;1
2001-07-20;3
2001-07-03;1
2001-01-23;2
2001-01-19;1
2001-10-12;8
2001-07-29;1
2001-06-28;1
2001-09-26;2
2002-06-25;51
2001-05-16;1
2001-04-20;1
2001-05-29;1
2001-05-10;2
2002-05-19;1
2001-05-27;1
2001-05-21;1
2002-05-21;1
2001-05-12;1
2001-06-12;2
2001-05-18;1
2001-11-25;1
2001-08-04;1
2001-02-07;3
2001-06-08;1
2002-02-06;2
2002-03-04;2
2001-01-12;1
2001-11-05;2
2001-04-17;11
2003-07-24;29
2003-08-18;58
2003-11-17;59
2001-01-18;8
2001-10-06;3
2001-04-10;3
2001-11-12;1
2001-12-29;2
2001-02-23;1
2001-12-01;1
2001-10-22;2
2001-04-21;1
2001-08-27;2
2001-03-01;1
2001-10-17;1
2001-05-11;1
2002-10-22;1
2001-02-09;2
2001-08-24;1
2002-01-30;1
2001-10-13;1
2001-10-24;1
2001-01-10;1
2002-02-26;2
2001-04-11;1
2002-02-27;5
2002-07-26;46
2002-04-03;2
2002-03-08;25
2002-11-29;35
2003-04-02;66
2002-05-29;57
2003-02-19;26
2002-04-22;30
2002-03-28;2
2002-06-18;51
2002-04-04;2
2002-03-15;16
2002-03-21;1
2002-03-19;1
2002-01-13;1
2002-03-29;1
2002-09-05;22
2002-05-16;44
2002-04-02;1
2002-03-27;1
2002-03-26;1
2002-07-03;60
2002-05-31;40
2002-10-10;11
2002-09-24;39
2002-10-04;234
2002-11-04;12
2003-03-18;19
2002-07-23;24
2003-01-07;5
2002-07-11;4
2003-04-11;46
2002-11-12;23
2002-10-28;33
2002-10-11;31
2003-03-03;30
2003-06-16;55
2002-12-18;13
2002-12-26;12
2002-12-11;22
2003-02-07;18
2002-12-23;26
2002-05-17;1
2002-11-20;1
2003-03-07;13
2002-12-24;1
2003-09-17;18
2002-08-29;1
2003-01-02;7
2003-01-17;21
2002-08-15;1
2002-08-01;2
2002-05-28;1
2002-07-08;1
2002-07-31;2
2002-08-24;1
2002-08-14;2
2003-06-09;50
2003-04-22;20
2003-03-31;41
2003-05-12;26
2003-08-27;95
2003-10-06;21
2003-11-03;25
2002-12-31;791
2002-12-27;1
2002-11-08;1
2002-12-03;1
2002-12-04;1
2002-10-24;1
2002-10-29;1
2002-04-08;1
2002-05-06;1
2002-09-25;1
2002-01-02;1
2002-01-09;4
2002-04-05;1
2002-02-09;1
2002-04-23;1
2002-09-02;2
2002-08-30;4
2002-08-31;2
2002-09-13;2
2002-09-10;1
2002-09-09;1
2002-10-16;1
2002-05-27;1
2002-10-03;1
2002-12-19;1
2002-11-25;2
2009-02-06;29
2013-05-29;15
2008-01-15;34
2008-02-12;88
2008-01-08;45
2008-01-12;16
2008-01-18;23
2008-02-08;18
2008-01-29;30
2008-06-12;27
2009-07-07;27
2008-09-24;49
2008-11-13;38
2008-02-14;18
2008-01-17;43
2008-01-23;41
2008-01-16;29
2008-03-18;39
2008-01-03;11
2008-03-19;15
2008-01-31;26
2008-01-22;16
2008-04-10;11
2009-01-08;20
2008-04-16;60
2008-04-02;40
2008-03-31;37
2008-06-16;31
2008-03-06;32
2008-03-24;41
2008-08-13;39
2008-04-08;22
2008-07-08;15
2008-01-04;54
2008-02-13;45
2008-03-11;20
2008-05-13;34
2008-02-28;22
2008-01-10;37
2008-01-09;34
2008-02-22;29
2008-03-20;47
2008-04-21;3
2008-05-18;22
2008-06-03;27
2008-02-07;17
2008-02-05;39
2008-02-06;34
2008-01-11;13
2008-02-29;17
2008-04-07;11
2008-04-06;6
2008-04-17;30
2008-01-19;3
2008-02-04;8
2008-01-25;27
2008-01-30;15
2008-02-15;25
2008-03-14;7
2008-05-22;19
2008-03-27;17
2008-02-01;19
2008-04-04;20
2008-02-19;30
2008-02-09;4
2008-02-26;5
2008-06-30;37
2008-05-05;15
2008-02-21;40
2008-03-12;26
2008-02-11;4
2008-02-18;2
2008-03-28;19
2008-04-25;28
2008-02-20;16
2008-03-17;24
2008-05-29;22
2008-06-18;31
2008-04-14;15
2008-03-03;16
2008-03-04;24
2008-02-25;25
2008-06-04;31
2008-05-20;12
2008-06-10;33
2008-08-08;21
2008-06-05;16
2008-12-19;42
2008-06-02;28
2008-02-27;19
2008-03-25;27
2008-09-18;29
2008-03-05;15
2008-04-22;19
2008-04-28;13
2008-05-21;17
2008-06-09;1
2009-04-17;32
2008-09-05;22
2008-05-16;34
2008-03-10;55
2008-03-08;11
2008-03-09;5
2008-08-04;25
2008-04-29;2
2008-05-02;11
2008-03-13;19
2008-08-01;22
2008-05-01;9
2008-04-23;14
2008-09-04;36
2008-10-15;43
2008-03-26;10
2008-04-01;11
2009-05-13;20
2008-10-21;28
2008-11-25;25
2008-07-14;23
2008-05-08;14
2008-04-09;19
2008-04-11;20
2008-07-09;43
2008-07-17;12
2008-07-29;5
2008-07-07;57
2008-05-12;24
2008-07-10;26
2008-04-18;16
2008-04-30;33
2008-09-03;28
2008-05-14;43
2008-04-12;10
2008-05-23;17
2008-04-15;18
2008-06-06;20
2008-04-24;4
2008-07-28;22
2008-06-25;27
2008-06-23;20
2008-04-27;29
2008-05-06;11
2009-04-09;31
2008-06-26;20
2008-12-05;41
2008-05-07;10
2008-05-09;16
2009-06-03;13
2008-06-11;1
2008-08-18;10
2008-10-03;35
2008-10-30;9
2008-12-10;52
2008-09-11;72
2008-09-16;25
2008-07-01;13
2008-08-27;35
2008-05-19;12
2008-06-13;21
2009-01-20;19
2008-08-14;17
2008-07-02;34
2008-11-26;23
2008-12-22;11
2008-12-24;11
2009-01-22;31
2008-06-24;16
2008-12-23;7
2009-04-28;26
2008-05-27;19
2008-10-23;36
2008-09-29;17
2009-06-09;19
2008-05-28;22
2008-07-15;54
2008-10-14;56
2009-01-14;45
2008-06-20;13
2008-09-26;19
2008-06-17;5
2008-06-19;13
2008-10-02;8
2008-06-27;17
2008-08-12;26
2008-08-29;11
2008-09-12;6
2008-07-18;30
2008-08-06;23
2008-07-27;10
2008-11-04;50
2008-07-03;9
2008-12-03;17
2008-10-08;22
2009-02-21;6
2008-07-16;9
2008-09-02;16
2008-07-11;12
2008-07-21;17
2008-07-22;12
2008-07-24;17
2008-10-13;10
2008-08-10;24
2008-07-25;31
2008-08-05;8
2009-01-28;37
2008-07-30;27
2008-07-31;39
2008-10-10;17
2008-08-07;10
2008-09-23;17
2008-11-05;37
2008-09-27;16
2008-10-07;24
2009-03-10;19
2008-08-11;10
2008-08-15;6
2009-10-22;62
2008-08-19;13
2008-08-20;18
2008-08-21;18
2008-08-22;10
2008-08-25;3
2008-08-26;11
2009-01-16;21
2008-10-20;11
2008-08-28;7
2009-01-21;38
2008-11-03;2
2009-05-26;17
2009-04-01;28
2008-10-06;15
2008-09-22;18
2008-11-12;11
2008-09-15;23
2008-09-30;41
2008-09-19;8
2008-12-17;72
2008-09-25;7
2008-11-10;33
2009-02-10;75
2009-02-17;15
2009-01-13;4
2009-02-26;43
2008-10-31;15
2008-12-09;19
2008-11-27;5
2008-12-01;20
2009-03-14;9
2008-10-01;13
2009-02-19;32
2008-11-06;28
2008-10-17;9
2008-11-07;9
2009-02-05;26
2009-04-13;18
2008-10-09;39
2008-12-29;7
2009-02-08;14
2009-03-11;13
2009-03-18;19
2008-10-16;3
2008-10-18;8
2008-10-22;55
2008-10-24;14
2008-10-28;21
2008-10-29;17
2009-05-05;17
2009-04-16;10
2008-11-01;16
2009-02-03;51
2009-04-06;38
2009-02-02;25
2008-11-14;19
2009-01-07;15
2009-01-30;20
2008-11-18;47
2008-11-19;14
2008-11-20;6
2008-11-21;26
2008-11-24;10
2009-01-26;14
2008-11-28;13
2008-11-29;6
2008-12-02;6
2008-12-08;20
2008-12-13;1
2008-12-12;49
2008-12-26;27
2008-12-18;1
2009-06-16;18
2008-12-15;26
2008-12-16;24
2008-12-30;31
2008-12-31;26
2009-01-06;17
2009-01-09;13
2009-01-12;19
2009-01-23;21
2009-01-27;44
2009-02-04;21
2009-02-09;19
2009-02-11;34
2009-02-12;9
2009-02-13;38
2009-02-14;8
2009-02-16;28
2009-02-20;58
2009-02-23;28
2009-02-24;25
2009-02-25;36
2009-02-27;45
2009-03-02;50
2009-03-03;9
2009-03-04;19
2009-03-05;32
2009-03-06;52
2009-03-09;24
2009-03-13;21
2009-03-16;17
2009-03-17;11
2009-03-19;15
2009-03-20;31
2009-03-23;19
2009-03-24;16
2009-03-25;58
2009-03-26;24
2009-03-30;28
2009-04-02;21
2009-04-03;25
2009-04-04;1
2009-04-07;43
2009-04-08;25
2009-04-10;32
2009-04-14;6
2009-04-20;11
2009-04-22;25
2009-04-23;25
2009-04-24;23
2009-04-27;19
2009-04-29;23
2009-05-01;33
2009-05-04;11
2009-05-07;19
2009-05-11;27
2009-05-12;27
2009-05-18;25
2009-05-22;40
2009-05-28;15
2009-06-04;17
2009-06-05;25
2009-06-08;27
2009-06-22;31
2009-06-27;15
2009-07-01;25
2009-07-02;25
2009-07-14;61
2009-07-23;11
2009-07-24;14
2009-07-27;26
2009-07-30;16
2009-07-31;15
2009-08-03;18
2009-08-05;16
2009-08-06;25
2009-08-07;15
2009-08-10;27
2009-08-11;22
2009-08-12;43
2009-08-13;25
2009-08-14;22
2009-08-19;49
2009-08-21;44
2009-08-24;40
2009-08-25;29
2009-08-26;12
2009-08-27;27
2009-08-28;25
2009-08-31;28
2009-09-01;26
2009-09-02;20
2009-09-10;55
2009-09-04;12
2009-09-08;64
2009-09-09;24
2009-09-11;31
2009-09-13;6
2009-09-14;30
2009-09-17;13
2009-09-18;39
2009-11-30;9
2009-12-16;23
2009-12-30;30
2013-01-09;15
2013-03-13;27
2013-09-11;47
2013-11-13;49
2013-05-15;31
2013-04-08;7
2013-04-22;22
2013-04-19;7
2013-06-30;13
2013-05-20;23
2013-06-16;1
2013-08-05;12
2013-01-13;29
2013-03-27;37
2013-03-19;22
2013-01-23;1
2013-09-30;38
2013-07-08;22
2014-01-19;9
2013-07-16;13
2013-01-30;1
2013-03-22;20
2013-10-27;5
2013-07-17;75
2013-07-02;10
2013-06-03;6
2013-02-21;5
2013-04-05;8
2013-06-19;5
2013-05-28;4
2013-10-17;19
2013-06-05;34
2013-08-21;21
2013-09-08;9
2013-11-09;4
2013-08-27;9
2013-04-27;4
2013-10-10;23
2013-07-06;5
2013-08-16;23
2013-09-28;9
2013-05-09;14
2013-05-05;5
2013-11-19;9
2013-05-16;58
2013-02-23;23
2013-03-18;3
2013-05-07;3
2013-05-03;14
2013-05-22;18
2013-07-31;41
2013-01-29;18
2013-05-24;16
2013-11-18;43
2013-10-25;19
2013-11-02;24
2013-07-15;6
2013-12-06;2
2013-12-28;11
2013-05-13;15
2013-02-25;1
2013-04-11;16
2013-08-02;6
2013-06-18;46
2013-06-06;15
2013-05-04;3
2013-05-08;18
2013-05-31;7
2013-06-12;26
2013-07-09;10
2013-12-14;41
2013-02-11;1
2013-11-20;36
2013-08-28;34
2013-02-07;2
2013-02-04;1
2013-02-03;19
2013-08-06;13
2013-09-05;17
2013-09-04;3
2013-08-24;1
2013-06-26;22
2013-08-07;15
2013-09-18;20
2013-10-24;52
2013-10-22;8
2013-07-11;10
2013-03-25;8
2013-06-10;10
2013-07-20;9
2013-08-17;2
2013-06-24;4
2013-08-15;6
2014-04-06;2
2013-06-15;29
2013-11-04;20
2013-08-14;26
2013-05-25;13
2013-05-14;1
2013-07-04;11
2013-07-23;16
2013-10-04;24
2013-11-12;12
2013-08-22;6
2013-06-14;14
2014-01-04;9
2013-07-13;3
2013-12-29;6
2013-10-11;24
2014-08-31;5
2013-04-13;2
2013-09-12;41
2013-12-23;22
2013-10-23;3
2013-07-12;8
2013-11-01;10
2013-09-09;15
2013-11-22;14
2013-12-17;20
2013-12-01;4
2013-12-04;9
2013-10-16;136
2013-12-16;1
2013-08-08;2
2013-11-06;9
2013-11-27;11
2013-07-25;6
2013-08-12;3
2013-08-29;12
2013-09-10;14
2013-12-22;8
2013-12-11;37
2013-12-05;29
2013-11-26;8
2013-06-13;1
2013-11-08;14
2013-07-26;2
2013-11-24;5
2013-08-18;4
2013-06-09;10
2013-10-29;4
2013-12-20;7
2013-09-13;6
2013-12-19;23
2013-11-29;8
2013-12-30;13
2015-04-16;92
2013-07-30;17
2013-11-28;4
2013-12-18;16
2015-11-14;8
2013-10-31;4
2013-10-30;14
2013-11-30;4
2013-10-15;1
2013-11-21;14
2014-02-25;1
2013-11-14;7
2014-01-01;1
2014-01-27;1
2013-12-26;1
2015-01-18;3
2014-01-06;9
2015-08-16;81
2015-08-26;12
2015-04-10;79
2015-08-12;20
2015-09-01;14
2015-12-28;30
2007-03-16;38
2007-09-18;51
2007-02-26;34
2007-11-05;41
2007-01-01;1
2007-01-03;7
2007-01-09;64
2007-05-08;25
2007-01-04;10
2007-01-05;25
2007-07-26;31
2007-09-21;23
2007-12-12;18
2007-06-06;57
2007-01-08;3
2007-01-10;8
2007-06-12;37
2007-03-19;9
2007-03-22;21
2007-05-29;9
2007-08-15;24
2007-09-05;23
2007-06-01;31
2007-01-20;1
2007-01-22;6
2007-08-20;15
2007-04-24;62
2007-04-06;26
2007-10-05;24
2007-02-16;34
2007-02-02;9
2007-01-26;33
2007-01-31;36
2007-02-03;27
2007-01-25;28
2007-01-27;1
2007-02-01;15
2007-05-02;55
2007-05-30;39
2007-03-13;32
2007-05-13;16
2007-02-11;1
2007-06-05;10
2007-08-14;42
2007-02-27;18
2007-03-12;10
2007-04-19;23
2007-02-21;50
2007-05-16;55
2007-04-11;39
2007-10-30;39
2007-03-08;13
2007-07-27;20
2007-05-21;24
2007-03-09;4
2007-03-14;19
2007-03-15;1
2007-03-24;20
2007-03-17;1
2007-04-16;26
2007-06-04;24
2007-03-23;29
2007-11-07;18
2007-03-28;24
2007-04-26;40
2007-06-08;13
2007-05-17;22
2007-04-13;14
2007-03-31;8
2007-05-25;3
2007-05-07;3
2007-04-09;5
2007-04-22;15
2007-10-09;44
2007-10-31;14
2009-12-18;14
2007-04-27;28
2007-06-21;36
2007-06-25;8
2007-08-03;41
2007-05-01;5
2007-05-03;13
2007-05-04;17
2007-06-07;21
2007-05-15;5
2007-05-18;12
2007-08-27;15
2007-05-23;1
2007-06-28;19
2007-06-30;5
2007-07-02;4
2007-06-18;10
2007-06-19;29
2007-07-24;17
2007-08-08;83
2007-09-12;31
2007-08-31;47
2007-05-31;25
2007-07-04;11
2007-07-23;3
2007-07-31;18
2007-08-09;22
2007-08-13;21
2007-10-25;2
2007-07-17;39
2007-10-18;46
2007-06-13;1
2007-06-15;15
2007-06-20;17
2007-09-19;19
2007-09-17;25
2007-07-20;1
2007-08-07;11
2007-07-30;50
2007-07-11;39
2007-10-29;26
2007-08-21;28
2007-07-09;11
2007-07-14;2
2007-10-12;42
2007-09-06;20
2007-09-27;31
2007-07-16;6
2007-08-23;20
2007-10-23;33
2007-08-22;18
2007-11-06;12
2007-12-19;26
2007-10-11;19
2007-07-19;6
2007-09-10;27
2007-09-24;43
2007-10-28;4
2007-11-08;17
2007-07-21;22
2007-09-04;22
2007-08-16;10
2007-08-01;12
2007-08-25;16
2007-08-30;6
2007-10-04;16
2007-08-29;16
2007-08-18;35
2007-08-10;2
2007-10-16;16
2007-11-29;16
2007-08-17;15
2007-12-17;28
2007-12-27;18
2009-04-15;63
2007-12-21;10
2007-11-10;26
2007-09-26;33
2007-11-16;4
2007-12-06;14
2007-11-27;16
2007-12-15;38
2007-09-11;24
2007-09-08;12
2007-11-02;5
2007-09-13;1
2007-09-28;8
2007-10-08;18
2007-10-13;15
2007-10-01;37
2007-12-13;23
2007-09-20;12
2007-09-25;1
2007-10-03;17
2007-10-22;4
2007-10-14;23
2007-10-06;27
2007-10-21;8
2007-10-24;7
2007-12-05;7
2007-11-20;41
2007-10-19;17
2007-10-15;8
2009-11-12;8
2007-10-17;36
2007-11-30;27
2007-12-07;17
2007-12-01;9
2007-12-18;13
2007-12-20;74
2007-10-20;1
2007-11-21;7
2007-10-26;3
2007-11-01;23
2007-11-13;7
2007-11-03;7
2007-11-09;3
2007-11-26;12
2007-12-10;21
2007-11-19;2
2007-11-22;18
2007-11-23;19
2007-12-11;8
2007-12-04;34
2007-12-31;12
2007-12-14;2
2007-12-24;9
2007-12-28;51
2009-07-05;28
2015-03-24;22
2015-02-18;8
2015-05-30;15
2015-07-02;9
2015-06-29;3
2015-04-08;22
2015-03-19;18
2015-06-01;25
2015-03-08;7
2015-05-19;9
2015-11-17;21
2015-10-19;18
2015-03-26;24
2015-09-29;14
2015-02-21;4
2015-04-15;10
2015-07-16;172
2015-03-12;20
2015-06-22;10
2015-04-05;6
2015-04-17;10
2015-05-07;6
2015-08-20;29
2015-07-05;5
2015-07-04;7
2015-02-27;13
2015-02-26;6
2015-05-15;9
2015-03-28;3
2015-03-17;7
2015-03-20;8
2015-03-21;3
2015-04-11;3
2015-07-24;4
2015-04-04;2
2015-04-07;2
2015-04-22;6
2015-04-23;2
2015-04-29;15
2015-05-02;1
2015-05-16;7
2015-07-29;10
2015-05-22;3
2015-05-23;1
2015-06-04;7
2015-07-18;5
2015-11-24;18
2015-12-03;8
2015-03-22;1
2015-04-18;4
2015-05-26;16
2015-10-25;11
2015-08-01;18
2015-05-31;5
2015-10-12;16
2015-04-28;5
2015-06-26;11
2015-04-19;17
2015-07-23;23
2015-09-03;26
2015-11-11;67
2015-09-17;15
2015-10-09;49
2015-12-07;17
2015-02-09;8
2015-07-14;88
2015-08-15;40
2015-12-21;16
2015-11-02;14
2015-12-06;32
2015-08-08;10
2015-08-11;13
2015-10-21;119
2015-08-19;19
2015-07-26;10
2015-09-08;7
2015-06-25;3
2015-07-21;8
2016-01-02;27
2015-10-04;15
2015-08-03;18
2015-07-13;1
2015-11-08;19
2015-08-23;14
2015-08-27;16
2015-03-15;1
2015-08-13;8
2015-12-02;19
2015-10-14;98
2015-09-09;54
2015-11-13;6
2015-06-19;11
2015-06-16;15
2015-07-07;3
2015-10-02;7
2015-06-18;16
2015-09-21;19
2015-10-29;22
2015-11-04;13
2015-07-10;18
2015-07-19;2
2015-07-25;1
2015-09-05;7
2015-09-07;3
2016-01-04;33
2015-06-15;67
2015-12-29;9
2015-09-02;6
2015-08-05;3
2015-08-06;1
2015-07-03;75
2015-08-30;3
2015-11-15;2
2015-10-27;9
2015-12-17;15
2015-08-18;50
2015-06-20;4
2015-06-27;2
2015-12-15;23
2015-09-24;30
2015-08-29;5
2015-11-05;23
2015-09-26;15
2015-11-10;14
2015-08-07;1
2015-07-27;1
2015-11-18;17
2015-10-22;17
2015-10-11;4
2016-01-01;12
2015-09-15;8
2016-01-17;7
2016-06-06;1
2015-11-23;3
2015-12-16;38
2016-01-06;13
2015-09-30;2
2015-11-12;9
2015-10-18;23
2015-09-22;26
2015-10-08;3
2015-12-30;16
2015-10-31;6
2015-10-05;9
2015-11-22;3
2015-10-23;71
2015-12-27;11
2015-12-09;58
2015-10-13;3
2016-01-23;2
2015-10-30;19
2015-12-13;9
2015-11-21;9
2015-12-14;11
2015-11-26;5
2015-12-05;6
2015-12-01;2
2015-12-12;5
2015-12-26;2
2015-12-18;5
2015-12-19;3
2015-12-23;13
2015-11-07;2
2015-10-15;33
2016-01-11;10
2015-11-03;10
2015-12-08;22
2015-12-24;10
2015-09-06;9
2015-11-27;2
2016-01-09;16
2015-12-11;72
2016-01-10;5
2015-09-25;2
2016-03-21;1
2015-11-20;3
2015-12-10;79
2015-12-22;1
2016-03-30;2
2009-02-22;11
2009-10-14;29
2009-12-09;14
2009-06-11;21
2009-10-01;21
2009-06-10;66
2009-07-15;9
2009-11-04;17
2009-01-29;28
2009-03-12;17
2009-05-27;5
2009-03-27;15
2009-04-30;16
2009-07-09;23
2009-05-15;12
2009-06-23;18
2009-07-29;14
2009-05-14;12
2009-12-03;12
2009-05-21;9
2009-12-10;36
2009-06-25;25
2009-06-19;25
2009-11-11;15
2009-05-19;5
2009-10-23;7
2009-12-08;21
2009-12-15;6
2009-06-12;24
2009-06-26;17
2009-05-29;25
2009-05-06;19
2009-11-13;12
2009-05-08;5
2009-05-16;8
2009-05-20;13
2009-12-28;23
2009-08-18;19
2009-07-10;17
2009-07-17;5
2009-07-16;17
2009-07-20;23
2009-06-18;14
2009-06-15;17
2009-06-17;13
2009-09-21;16
2009-08-04;11
2009-09-15;24
2009-06-30;9
2009-11-02;20
2009-07-08;26
2009-07-13;17
2009-07-22;22
2009-07-21;12
2009-07-28;13
2009-12-01;7
2009-12-04;21
2009-10-05;6
2009-09-24;39
2009-09-29;24
2009-10-13;14
2009-11-06;11
2009-12-02;35
2009-10-16;23
2009-11-16;15
2009-08-17;14
2009-11-10;29
2009-09-28;27
2009-08-20;16
2009-10-07;4
2009-10-20;6
2009-12-11;6
2009-10-15;3
2009-11-03;6
2009-11-25;9
2009-09-03;16
2009-09-16;26
2009-09-22;11
2009-12-29;13
2009-11-24;25
2009-12-24;16
2009-09-23;29
2009-10-29;18
2009-12-17;30
2009-09-25;15
2009-09-30;27
2009-10-06;10
2009-10-02;16
2009-10-30;10
2009-11-09;24
2010-01-27;2
2009-11-23;10
2009-12-23;16
2009-10-08;13
2009-10-21;6
2009-10-26;15
2009-10-28;14
2009-10-09;17
2009-10-11;12
2009-12-21;26
2009-12-22;25
2010-01-05;7
2009-11-29;40
2009-10-27;15
2009-11-19;4
2009-11-17;7
2009-11-05;14
2009-11-18;13
2009-12-20;4
2009-12-14;12
2009-12-13;10
2009-12-07;11
2009-12-31;29
2010-01-04;28
2010-05-11;18
2011-09-13;6
2003-03-24;12
2003-01-11;1
2003-03-25;1
2002-01-11;1
2003-12-15;43
2003-05-05;15
2003-05-27;26
2003-12-31;441
2003-05-15;1
2003-05-19;1
2003-05-10;1
2003-05-22;4
2003-05-21;4
2003-05-20;1
2003-10-20;47
2003-07-02;15
2003-06-30;18
2003-06-13;1
2003-08-07;47
2003-12-01;17
2003-11-13;1
2003-07-25;1
2003-09-07;1
2003-09-22;15
2003-10-07;1
2004-01-05;23
2003-10-03;1
2003-04-16;1
2003-07-03;1
2003-12-11;1
2003-12-08;1
2003-12-03;1
2003-11-20;1
2003-10-27;7
2003-10-14;1
2003-10-15;1
2003-08-20;1
2003-07-23;2
2003-06-19;1
2003-06-06;1
2003-06-03;2
2003-04-28;2
2003-01-03;1
2003-03-28;1
2003-01-27;1
2003-03-05;1
2003-02-28;1
2003-02-18;1
2003-02-11;1
2003-09-09;1
2003-11-24;1
2003-06-17;1
2003-08-11;1
2003-02-06;1
2003-10-23;1
2003-11-04;2
2003-10-30;4
2003-05-11;1
2003-10-25;2
2003-10-28;2
2003-10-31;1
2003-10-29;3
2003-11-02;2
2003-11-23;1
2003-12-26;1
2003-12-29;2
2003-03-20;1
2003-08-19;1
2003-08-06;1
2004-02-01;1
2003-11-27;1
