labels,low,medium,high,total
14,0.37161319578279106,0.4000404796842585,0.3418493898204187,0.37609060557430873
21,0.4695612742319465,0.49653392703536914,0.476088897708106,0.486737498385996
1,0.5491440879718853,0.5688070299718329,0.5633247345966862,0.5651688709350156
0,0.5816800816233987,0.6036870245745416,0.6081704534179978,0.6033608175160939
6,0.6117220269810679,0.6332540606183272,0.6439378906637563,0.6347001641672662
129,0.637796168234894,0.662365700214205,0.678465125508483,0.6650157711250069
4,0.6618297245210294,0.6897400866939905,0.7093957733902173,0.6947780052754874
20,0.6831425008502438,0.7115991161935603,0.7332820716340906,0.7173463929315846
10,0.695045913161773,0.7246032147615915,0.746031352316698,0.7301661962997805
32,0.7046820088425348,0.7367302535040227,0.7579620994146244,0.7407817313190563
7,0.7139780070286815,0.746428511190946,0.7669907728941363,0.7512773688967591
13,0.722593810225598,0.754777446069254,0.7759202301815656,0.759836201649051
18,0.7304160526017458,0.7620637892357773,0.7845272348447266,0.7666611329385941
1356,0.7377848316517401,0.7689116024895006,0.7907530508979065,0.7733200523859591
79,0.7445867815440427,0.7756244834623623,0.7965075900386943,0.7799144116724771
96,0.7513887314363451,0.7818651014522087,0.8020388927472963,0.7856233744673786
607,0.7579639496655708,0.7872623926866704,0.8063299930548665,0.7911847711803442
5,0.7623852170955674,0.792001889051932,0.810397856930251,0.7962758010071385
123,0.7665797528624873,0.7953920626085783,0.8143417005655323,0.7998173869736042
3,0.7699807278086385,0.7987822361652246,0.817987895624566,0.8031284009370446
1333,0.7732683369232514,0.8021386766516555,0.8214356582994344,0.8064301920203641
141,0.7764425802063258,0.8053264517870093,0.8247097926381586,0.8094829653404165
54,0.7796168234894003,0.8080756970095633,0.8278102986407382,0.8123143895375647
58,0.7827910667724748,0.8107912091619018,0.8305635479710288,0.8151365908545921
36,0.7855118467293958,0.8133211894280558,0.8332423851572577,0.8177558888089572
47,0.7881192608547783,0.8157668370186713,0.8357723980553626,0.8201077232398133
41,0.7906133091486226,0.8182124846092867,0.8381783907133644,0.8223027687086123
34,0.7931073574424669,0.8203545345679637,0.840187518603036,0.8244885912972904
39,0.7956014057363111,0.8224291183862099,0.842171842444687,0.8265452935642742
45,0.7979820881986169,0.8243350368533792,0.8441065581902967,0.8285282127902901
42,0.8003627706609228,0.8261903557152254,0.8459668617918444,0.830437348975338
16,0.8027434531232287,0.8279613419015331,0.8477527532493303,0.8323188165200228
64,0.8051241355855345,0.8296985950176256,0.8495386447068162,0.8340711637430137
1336,0.807391452216302,0.8314021150635025,0.851324536164302,0.8358142880858834
1337,0.8096587688470694,0.8330719020391641,0.853036015477726,0.8375112980281483
217,0.8118127196462986,0.8347416890148257,0.8547226907431292,0.839189862210171
29,0.8139666704455277,0.8363777429202719,0.8563845619605119,0.8408684263921937
333,0.8161206212447568,0.8380137968257181,0.8579968250818534,0.8425008761736115
91,0.8182745720439859,0.8396161176609489,0.8595098720111122,0.8441056573146662
88,0.8204285228432151,0.841201571961072,0.8610229189403711,0.8456551011749949
2,0.8224691078109058,0.8427701597260875,0.8625111618216093,0.8471768763949606
56,0.8245096927785965,0.8443218809559953,0.8639746006548269,0.8486894287348054
1421,0.8263235460832106,0.8458061360454722,0.8653636273439825,0.850155866674045
24,0.8281373993878245,0.8472566580647337,0.8667526540331382,0.8515392986921956
65,0.8299512526924385,0.8486228474084568,0.8680176604821906,0.8528950620699832
12,0.8317651059970524,0.8499721702170723,0.8692826669312432,0.8542508254477709
145,0.833465593470128,0.8513214930256877,0.8704732612362338,0.8555696973050745
19,0.8351660809432038,0.8526370827640878,0.8716638555412243,0.856842454761773
22,0.8368665684162794,0.8539358059673802,0.8728544498462149,0.8581059893383506
1395,0.838567055889355,0.8552345291706724,0.8740450441512054,0.8593603010348071
75,0.8402675433624306,0.8564995193037495,0.875235638456196,0.8606053898511428
203,0.8419680308355062,0.8577476429017187,0.876401428713166,0.8618320329072363
941,0.8435551524770434,0.8589788999645803,0.8775424149221153,0.8630586759633299
1240,0.8451422741185807,0.8601932904923342,0.8786834011310646,0.8642760961393023
1238,0.8467293957601179,0.8613739479498727,0.8797995832919933,0.86544740191467
1239,0.8483165174016551,0.8625208723371958,0.8808909614049013,0.8666094848099164
46,0.849790273211654,0.8636677967245189,0.8819575354697887,0.867771567705163
332,0.8512640290216529,0.8647978545767343,0.883024109534676,0.8689244277202884
1470,0.8527377848316517,0.865911045893842,0.8840906835995634,0.870049619095051
17,0.8542115406416506,0.8670242372109498,0.8851572576644509,0.8711748104698135
80,0.8556852964516495,0.8681374285280575,0.886174223633297,0.872253887443971
149,0.8570456864301099,0.8692506198451652,0.887191189602143,0.8733145186578865
175,0.8584060764085705,0.8703469446271652,0.8881585474749479,0.874375149871802
53,0.8597664663870309,0.8714095363389499,0.8891259053477527,0.8754173353254754
272,0.8611268563654915,0.8724721280507345,0.8900932632205576,0.8764318521387859
9,0.8623738805124136,0.8735009866923038,0.8910358170453418,0.8774371460719753
8,0.8636209046593357,0.874529845333873,0.8919535668221054,0.8784239942449228
49,0.8648679288062578,0.8755587039754423,0.8928465125508483,0.8794108424178703
166,0.8661149529531799,0.8765875626170115,0.8937146542315706,0.8803884677106967
146,0.867361977100102,0.8775995547234732,0.8945579918642722,0.8813660930035231
475,0.8686090012470241,0.8786115468299347,0.8954013294969739,0.8823344954162285
72,0.8698560253939462,0.8796235389363963,0.8962446671296755,0.883302897828934
1259,0.8711030495408684,0.8806355310428579,0.8970880047623773,0.8842713002416395
1286,0.8723500736877905,0.8816306566142117,0.8979313423950789,0.8852397026543449
176,0.8735970978347126,0.882608915650458,0.8987746800277805,0.8861988821869293
248,0.8748441219816347,0.8835871746867041,0.8996180176604822,0.8871488388393928
156,0.8759777802970184,0.8845317006527349,0.9004365512451632,0.8880803497316142
59,0.8771114386124023,0.8854762266187657,0.9012550848298442,0.8889657462232305
188,0.878245096927786,0.8864038860496888,0.9020736184145253,0.8898419198347259
40,0.8793787552431697,0.8873146789455042,0.9028921519992062,0.8906996476859794
15,0.8805124135585535,0.8882086053062119,0.9037106855838873,0.8915573755372328
453,0.8815327060423989,0.8890687985967043,0.9045044151205477,0.8924151033884862
86,0.8825529985262441,0.889912125352089,0.905298144657208,0.8932728312397396
223,0.8835732910100895,0.8907554521074735,0.9060918741938684,0.8941305590909929
144,0.8845935834939349,0.8915987788628582,0.9068856037305288,0.8949882869422463
1281,0.8856138759777803,0.8924252390831352,0.9076793332671892,0.8958183461531367
48,0.8866341684616257,0.8932179662331967,0.9084730628038495,0.8966484053640271
136,0.8876544609454711,0.8939938268481505,0.90926679234051,0.8974692416947965
28,0.8886747534293165,0.8947528209279968,0.9100357178291497,0.8982808551454449
60,0.8895816800816234,0.8954949484727353,0.9107798392697688,0.8990832457159722
974,0.8904886067339304,0.8962370760174737,0.9115239607103879,0.8998671905262575
11,0.8913955333862373,0.8969792035622122,0.9122680821510071,0.9006234666961799
349,0.8923024600385444,0.8977213311069507,0.9130122035916262,0.9013705199859812
288,0.8932093866908514,0.8984297255814738,0.9137563250322452,0.9021175732757826
365,0.8941163133431583,0.8991381200559969,0.9144756424248437,0.9028554036854629
312,0.8950232399954654,0.8998296479954123,0.9151453517214009,0.9035840112150222
278,0.8959301666477724,0.9005211759348277,0.9158150610179582,0.9042941729843396
325,0.896723727468541,0.9012127038742431,0.9164847703145154,0.9050043347536568
128,0.8975172882893097,0.9019042318136585,0.9171296755630519,0.9057144965229742
277,0.8983108491100782,0.9025788932179662,0.9177745808115885,0.9064246582922915
327,0.8991044099308468,0.903253554622274,0.918419486060125,0.9071255971814879
355,0.8998979707516155,0.903911349491474,0.9190643913086616,0.9077988674303211
319,0.9006915315723841,0.904569144360674,0.9196844925091775,0.9084444690387914
323,0.9014850923931527,0.9052100726947663,0.9202797896616728,0.9090808477671407
370,0.9022786532139213,0.9058510010288586,0.9208750868141681,0.909698780735248
307,0.90307221403469,0.9064750628278433,0.9214703839666634,0.9102982679431133
374,0.9038657748554586,0.9070822580917203,0.9220656811191587,0.9108977551509786
354,0.9046593356762271,0.9076725868204895,0.9226361742236333,0.9114880194787228
126,0.9054528964969958,0.9082629155492588,0.923206667328108,0.912078283806467
66,0.9062464573177644,0.9088363777429203,0.923752356384562,0.9126408794938483
316,0.9069266523069947,0.9094098399365819,0.924298045441016,0.9132034751812296
358,0.9076068472962249,0.9099833021302434,0.92484373449747,0.9137568479884899
347,0.9082870422854552,0.9105398977887973,0.925389423553924,0.9143009979156291
262,0.9089672372746854,0.9110964934473511,0.9259103085623573,0.9148359249626473
362,0.9096474322639156,0.9116530891059049,0.9264311935707907,0.9153708520096656
1385,0.9103276272531459,0.9122096847644589,0.9269272745312035,0.9158965561765628
193,0.9110078222423762,0.912749413887905,0.9274233554916163,0.916413037463339
1404,0.9116880172316064,0.9132891430113512,0.927919436452029,0.9169295187501153
1307,0.9123682122208366,0.9138288721347974,0.9284155174124417,0.9174367771567705
55,0.9130484072100669,0.9143686012582435,0.9289115983728544,0.9179348126833048
1553,0.9137286021992971,0.9149083303816897,0.9293828752852465,0.918432848209839
130,0.9144087971885274,0.9154311929700282,0.9298541521976387,0.9189308837363732
1496,0.9150889921777576,0.9159540555583666,0.9303254291100308,0.9194289192629074
38,0.9157691871669879,0.9164769181467052,0.9307967060224228,0.9199269547894416
1504,0.9164493821562181,0.9169829141999359,0.9312679829348149,0.9204157674358548
1133,0.9171295771454484,0.9174889102531667,0.9317392598472071,0.920904580082268
93,0.9178097721346786,0.9179949063063975,0.9321857327115786,0.9213933927286813
396,0.9184899671239088,0.9184840358245205,0.9326074015279293,0.9218822053750946
63,0.9190567962816008,0.9189731653426436,0.9330290703442802,0.9223710180215078
314,0.9196236254392925,0.9194622948607668,0.933450739160631,0.9228506077877999
721,0.9201904545969845,0.9199514243788899,0.9338724079769818,0.9233301975540922
527,0.9207572837546764,0.9204236873619053,0.9342940767933327,0.9238005644402634
44,0.9213241129123683,0.920879083809813,0.9347157456096835,0.9242432626860716
294,0.9218909420700601,0.9213344802577207,0.9351374144260344,0.9246859609318798
387,0.922457771227752,0.9217898767056284,0.9355590832423851,0.925119436297567
1463,0.9230246003854439,0.9222284066184284,0.935980752058736,0.9255529116632542
516,0.9235914295431357,0.9226669365312284,0.9364024208750868,0.9259771641488204
78,0.9241582587008276,0.9231054664440284,0.936799285643417,0.9263921937542656
1549,0.9247250878585195,0.9235439963568284,0.9371961504117472,0.9268072233597108
1433,0.9252919170162113,0.9239656597345207,0.9375930151800774,0.9272222529651559
95,0.9258587461739032,0.924387323112213,0.9379898799484075,0.9276280596904801
242,0.9264255753315951,0.9248089864899054,0.9383867447167378,0.9280338664158043
35,0.9269924044892869,0.9252306498675977,0.938783609485068,0.9284396731411285
1517,0.9274458678154405,0.9256523132452901,0.9391804742533981,0.9288362569863317
99,0.927899331141594,0.9260739766229823,0.9395525349737077,0.9292236179514138
31,0.9283527944677474,0.926478773465567,0.9399245956940173,0.929610978916496
263,0.9288062577939009,0.9268835703081516,0.9402966564143268,0.9299983398815782
338,0.9292597211200544,0.9272883671507363,0.9406687171346364,0.9303857008466604
23,0.9297131844462079,0.9276931639933208,0.9410407778549459,0.9307730618117426
258,0.9301666477723615,0.9280979608359055,0.9414128385752555,0.9311419770165827
1109,0.930620111098515,0.9285027576784901,0.9417848992955651,0.9315108922214229
405,0.9310735744246684,0.9289075545210748,0.9421569600158746,0.9318798074262631
1321,0.9315270377508219,0.9292954848285516,0.9425290207361842,0.9322487226311033
1492,0.9319805010769754,0.9296834151360286,0.9429010814564937,0.9326176378359434
282,0.9324339644031289,0.9300713454435056,0.9432731421768032,0.9329865530407836
458,0.9328874277292823,0.9304592757509825,0.9436452028971128,0.9333554682456238
540,0.9333408910554359,0.9308472060584594,0.9439924595694017,0.9337151605703429
216,0.9337943543815894,0.9312351363659364,0.9443397162416907,0.9340748528950621
352,0.9342478177077429,0.9316230666734133,0.9446869729139795,0.9344345452197812
239,0.9347012810338964,0.9319941304457825,0.9450094255382478,0.9347942375445004
1514,0.9351547443600499,0.9323651942181518,0.9453318781625161,0.9351539298692195
1509,0.9356082076862033,0.932736257990521,0.9456543307867844,0.9355043993138177
98,0.9360616710123568,0.9331073217628902,0.9459767834110527,0.9358548687584158
482,0.9365151343385104,0.9334783855352595,0.946299236035321,0.936196115322893
33,0.9369685976646639,0.9338494493076287,0.9466216886595893,0.9365373618873701
196,0.9374220609908174,0.934220513079998,0.9469441412838575,0.9368786084518473
111,0.9378755243169709,0.9345915768523673,0.9472665939081258,0.9372198550163245
106,0.9383289876431243,0.9349626406247364,0.9475890465323941,0.9375611015808016
220,0.9387824509692778,0.935316837861998,0.9479114991566624,0.9378931252651578
30,0.9392359142954314,0.9356710350992595,0.9482339517809306,0.9382251489495139
1319,0.9396893776215849,0.9360252323365211,0.948556404405199,0.9385571726338701
37,0.9401428409477384,0.9363794295737826,0.9488788570294672,0.9388799734381053
1499,0.9405963042738918,0.9367336268110442,0.9492013096537355,0.9392027742423404
616,0.9410497676000453,0.9370878240483057,0.9494989582299831,0.9395255750465755
1480,0.9415032309261988,0.9374420212855673,0.9497966068062308,0.9398391529706897
26,0.9419566942523523,0.9377793519877211,0.9500942553824784,0.9401527308948038
524,0.9424101575785059,0.938116682689875,0.9503919039587261,0.940466308818918
27,0.9427502550731209,0.9384540133920288,0.9506895525349737,0.9407798867430321
159,0.9430903525677361,0.9387913440941827,0.9509872011112214,0.9410842417870252
164,0.9434304500623512,0.9391286747963365,0.951284849687469,0.9413885968310184
189,0.9437705475569663,0.9394660054984905,0.9515824982637167,0.9416929518750116
525,0.9441106450515815,0.9398033362006443,0.9518801468399642,0.9419973069190046
207,0.9444507425461965,0.9401406669027982,0.952177795416212,0.9423016619629978
269,0.9447908400408117,0.9404611310698443,0.9524754439924595,0.942606017006991
233,0.9451309375354269,0.9407815952368905,0.9527482885206866,0.9429011491708631
286,0.9454710350300419,0.9411020594039367,0.9530211330489136,0.9431962813347352
240,0.9458111325246571,0.9414225235709828,0.9532939775771406,0.9434914134986073
167,0.9461512300192721,0.941742987738029,0.9535668221053676,0.9437773227823585
299,0.9464913275138873,0.9420634519050751,0.9538396666335947,0.9440632320661096
359,0.9468314250085025,0.9423839160721214,0.9541125111618216,0.9443491413498607
371,0.9471715225031175,0.9427043802391675,0.9543853556900486,0.9446350506336119
290,0.9475116199977327,0.9430079778711059,0.9546582002182756,0.944911737037242
1432,0.9478517174923478,0.9433115755030445,0.9549310447465026,0.9451884234408721
1027,0.9481918149869629,0.9436151731349829,0.9552038892747297,0.9454651098445023
1267,0.9485319124815781,0.9439187707669213,0.9554767338029566,0.9457417962481324
43,0.9488720099761931,0.9442223683988599,0.9557495783311837,0.9460184826517625
1325,0.9492121074708083,0.9445259660307983,0.9560224228594106,0.9462859461752716
1440,0.9495522049654235,0.9448295636627367,0.9562704633396171,0.9465534096987808
231,0.9498923024600385,0.9451331612946753,0.9565185038198234,0.9468208732222898
124,0.9502323999546537,0.9454367589266137,0.9567665443000297,0.947088336745799
177,0.9505724974492687,0.9457403565585522,0.9570145847802362,0.9473558002693081
344,0.9509125949438839,0.9460270876553829,0.9572626252604425,0.9476140409126962
70,0.9512526924384991,0.9463138187522138,0.9575106657406489,0.9478722815560844
860,0.9515927899331141,0.9466005498490445,0.9577587062208552,0.9481305221994725
197,0.9519328874277293,0.9468872809458753,0.9580067467010616,0.9483887628428606
1383,0.9522729849223444,0.947174012042706,0.958254787181268,0.9486470034862486
1294,0.9526130824169595,0.9474607431395369,0.9585028276614743,0.9489052441296368
163,0.9529531799115747,0.9477306077012599,0.9587508681416808,0.9491634847730249
848,0.9532932774061897,0.948000472262983,0.9589741045738664,0.949421725416413
1181,0.9536333749008049,0.9482703368247061,0.9591973410060521,0.9496799660598012
83,0.9539734723954201,0.9485402013864291,0.9594205774382379,0.9499382067031893
1299,0.9543135698900351,0.9488100659481523,0.9596438138704236,0.9501964473465774
115,0.9546536673846503,0.9490799305098754,0.9598670503026094,0.9504546879899655
392,0.9549937648792653,0.9493497950715984,0.9600902867347951,0.9507037057532326
103,0.9553338623738805,0.9496196596333215,0.9603135231669808,0.9509527235164997
1318,0.9556739598684957,0.9498895241950446,0.9605367595991666,0.9512017412797669
104,0.9560140573631107,0.9501593887567676,0.9607599960313523,0.951450759043034
1224,0.9563541548577259,0.9504292533184908,0.960983232463538,0.951699776806301
150,0.956694252352341,0.9506991178802139,0.9612064688957238,0.9519487945695682
90,0.9570343498469561,0.9509521159068293,0.9614297053279095,0.9521978123328353
1371,0.9573744473415713,0.9512051139334446,0.9616529417600952,0.9524468300961024
117,0.9577145448361863,0.95145811196006,0.961876178192281,0.9526958478593696
68,0.9580546423308015,0.9517111099866754,0.9620994146244667,0.9529448656226366
251,0.9583947398254166,0.9519641080132908,0.9623226510566525,0.9531938833859037
995,0.9587348373200317,0.9522171060399062,0.9625458874888382,0.9534336782690499
259,0.9590749348146469,0.9524701040665217,0.9627691239210239,0.953673473152196
446,0.959415032309262,0.952723102093137,0.9629923603532097,0.953913268035342
1215,0.9596417639723387,0.9529761001197524,0.9632155967853954,0.9541530629184882
50,0.9598684956354154,0.9532290981463678,0.9634140291695604,0.9543928578016343
200,0.9600952272984923,0.9534820961729832,0.9636124615537256,0.9546234298046594
69,0.960321958961569,0.9537350941995986,0.9638108939378907,0.9548540018076845
204,0.9605486906246458,0.9539712256911063,0.9640093263220557,0.9550845738107097
1094,0.9607754222877225,0.954207357182614,0.9642077587062209,0.9553151458137347
174,0.9610021539507992,0.9544434886741217,0.964406191090386,0.9555457178167598
1197,0.961228885613876,0.9546796201656294,0.964604623474551,0.9557762898197849
421,0.9614556172769527,0.954915751657137,0.9648030558587162,0.9559976389426891
140,0.9616823489400295,0.9551518831486447,0.9650014882428812,0.9562189880655931
1096,0.9619090806031062,0.9553880146401524,0.9651999206270463,0.9564403371884972
1093,0.9621358122661829,0.9556241461316601,0.9653983530112115,0.9566616863114014
121,0.9623625439292597,0.9558602776231678,0.9655967853953765,0.9568830354343054
1355,0.9625892755923364,0.9560964091146755,0.9657952177795416,0.9571043845572095
1317,0.9628160072554132,0.9563325406061832,0.9659936501637068,0.9573257336801136
186,0.96304273891849,0.9565518055625832,0.9661920825478718,0.9575470828030177
25,0.9632694705815668,0.9567710705189832,0.9663905149320369,0.9577684319259219
81,0.9634962022446435,0.9569903354753833,0.966588947316202,0.9579897810488259
85,0.9637229339077202,0.9572096004317833,0.9667873797003671,0.95821113017173
105,0.963949665570797,0.9574288653881833,0.9669610080365115,0.9584232564145131
173,0.9641763972338737,0.9576481303445833,0.9671346363726561,0.9586353826572962
718,0.9644031288969505,0.9578673953009833,0.9673082647088005,0.9588475089000793
1345,0.9646298605600272,0.9580866602573833,0.9674818930449449,0.9590596351428624
108,0.9648565922231039,0.9583059252137833,0.9676555213810893,0.9592717613856455
1407,0.9650833238861807,0.9585251901701833,0.9678291497172339,0.9594838876284286
152,0.9653100555492574,0.9587444551265834,0.9680027780533783,0.9596960138712117
-6,0.9655367872123342,0.9589637200829834,0.9681764063895227,0.9599081401139948
874,0.9657635188754109,0.9591829850393834,0.9683500347256673,0.9601202663567779
107,0.9659902505384877,0.9594022499957834,0.9685236630618117,0.9603323925995609
147,0.9662169822015645,0.9596215149521834,0.9686972913979561,0.960544518842344
100,0.9664437138646412,0.9598407799085834,0.9688709197341006,0.9607566450851271
1362,0.966670445527718,0.9600600448649834,0.9690445480702451,0.9609687713279103
1479,0.9668971771907947,0.9602793098213834,0.9692181764063895,0.9611716746905724
57,0.9671239088538715,0.9604817082426758,0.969391804742534,0.9613745780532345
1161,0.9673506405169482,0.960684106663968,0.9695654330786785,0.9615774814158966
160,0.9675773721800249,0.9608865050852603,0.9697390614148229,0.9617803847785587
811,0.9678041038431017,0.9610889035065526,0.9699126897509673,0.9619832881412207
51,0.9680308355061784,0.961291301927845,0.9700863180871118,0.9621861915038828
1295,0.9682575671692552,0.9614937003491373,0.9702599464232563,0.9623890948665449
963,0.9684842988323319,0.9616960987704296,0.9704335747594007,0.962582775349086
1340,0.9687110304954086,0.9618984971917219,0.9706072030955452,0.9627764558316271
1263,0.9689377621584855,0.9621008956130143,0.9707808314316897,0.9629701363141682
1273,0.9691644938215622,0.9623032940343065,0.9709544597678341,0.9631638167967093
1289,0.969391225484639,0.9625056924555988,0.9711280881039785,0.9633574972792504
1002,0.9696179571477157,0.9626912243417834,0.971301716440123,0.9635511777617914
996,0.9698446888107924,0.9628767562279681,0.9714753447762675,0.9637448582443325
1346,0.9700714204738692,0.9630622881141527,0.9716489731124119,0.9639385387268736
1323,0.9702981521369459,0.9632478200003374,0.9718226014485564,0.9641322192094147
1300,0.9705248838000227,0.9634333518865219,0.9719962297847009,0.9643258996919558
1301,0.9707516154630994,0.9636188837727065,0.9721450540728247,0.9645195801744969
-9,0.9709783471261761,0.9638044156588912,0.9722938783609485,0.964713260657038
82,0.9712050787892529,0.9639899475450758,0.9724427026490723,0.964897718259458
77,0.9714318104523296,0.9641754794312605,0.9725915269371962,0.9650821758618782
52,0.9716585421154064,0.964361011317445,0.97274035122532,0.9652666334642982
1168,0.9718852737784832,0.9645465432036296,0.9728891755134438,0.9654510910667183
967,0.97211200544156,0.9647320750898143,0.9730379998015676,0.9656355486691384
887,0.9723387371046367,0.9649176069759989,0.9731868240896915,0.9658200062715585
1237,0.9725654687677134,0.9651031388621836,0.9733356483778153,0.9660044638739785
1303,0.9727922004307902,0.9652886707483682,0.9734844726659391,0.9661796985962776
138,0.9730189320938669,0.9654573360994451,0.9736332969540629,0.9663549333185767
1228,0.9732456637569437,0.965626001450522,0.9737821212421868,0.9665301680408758
1232,0.9734723954200204,0.965794666801599,0.9739309455303106,0.9667054027631748
931,0.9736991270830971,0.9659633321526758,0.9740797698184344,0.9668806374854739
903,0.9739258587461739,0.9661319975037528,0.9742285941065582,0.967055872207773
230,0.9741525904092506,0.9663006628548297,0.9743774183946821,0.9672311069300721
875,0.9743793220723274,0.9664693282059067,0.9745262426828059,0.9674063416523712
1157,0.9746060537354041,0.9666379935569835,0.9746750669709296,0.9675815763746702
-7,0.974832785398481,0.9668066589080605,0.9748238912590534,0.9677568110969693
786,0.9750595170615577,0.9669753242591375,0.9749727155471773,0.9679320458192684
755,0.9752862487246344,0.9671439896102144,0.9751215398353011,0.9681072805415675
1220,0.9755129803877112,0.9673126549612913,0.9752703641234249,0.9682825152638666
1194,0.9757397120507879,0.9674813203123682,0.9754191884115487,0.9684485271060447
1254,0.9759664437138647,0.9676499856634452,0.9755680126996726,0.9686145389482228
1249,0.9761931753769414,0.9678186510145221,0.9757168369877964,0.9687805507904008
445,0.9764199070400181,0.967987316365599,0.9758656612759202,0.968946562632579
1784,0.9766466387030949,0.9681559817166759,0.976014485564044,0.969112574474757
87,0.9768733703661716,0.9683246470677529,0.9761633098521679,0.9692785863169351
1087,0.9771001020292484,0.9684933124188299,0.9763121341402917,0.9694445981591131
1074,0.9773268336923251,0.9686619777699067,0.9764609584284155,0.9696106100012912
820,0.9775535653554018,0.9688306431209837,0.9766097827165393,0.9697673989633483
1100,0.9777802970184787,0.9689993084720606,0.9767338029566425,0.9699241879254054
187,0.9780070286815554,0.9691679738231375,0.9768578231967457,0.9700809768874624
919,0.9782337603446322,0.9693197726391067,0.9769818434368489,0.9702377658495195
812,0.9784604920077089,0.969471571455076,0.9771058636769521,0.9703945548115765
182,0.9786872236707856,0.9696233702710452,0.9772298839170552,0.9705513437736336
161,0.9789139553338624,0.9697751690870144,0.9773539041571584,0.9707081327356907
253,0.9791406869969391,0.9699269679029837,0.9774779243972617,0.9708649216977477
218,0.9792540528284776,0.9700787667189529,0.9776019446373648,0.9710217106598048
1116,0.9793674186600159,0.9702305655349222,0.977725964877468,0.9711692767417409
884,0.9794807844915543,0.9703823643508914,0.9778499851175712,0.971316842823677
1143,0.9795941503230926,0.9705341631668606,0.9779740053576744,0.971464408905613
62,0.979707516154631,0.9706859619828299,0.9780980255977776,0.9716119749875491
249,0.9798208819861693,0.9708377607987991,0.9782220458378807,0.9717595410694851
143,0.9799342478177078,0.9709895596147683,0.9783460660779839,0.9719071071514213
973,0.9800476136492461,0.9711413584307376,0.9784700863180871,0.9720546732333573
158,0.9801609794807845,0.9712931572467068,0.9785941065581903,0.9722022393152934
942,0.9802743453123228,0.971444956062676,0.9787181267982935,0.9723498053972295
351,0.9803877111438613,0.9715967548786453,0.9788421470383967,0.9724973714791655
1379,0.9805010769753996,0.9717485536946145,0.9789661672784998,0.9726449375611016
927,0.980614442806938,0.971883485975476,0.979090187518603,0.9727925036430376
949,0.9807278086384764,0.9720184182563376,0.9792142077587063,0.9729400697249737
917,0.9808411744700147,0.9721533505371991,0.9793382279988094,0.9730784129267888
285,0.9809545403015532,0.9722882828180607,0.9794622482389126,0.9732167561286038
498,0.9810679061330915,0.9724232150989223,0.9795862684790158,0.9733550993304189
796,0.9811812719646299,0.9725581473797837,0.9797102887191189,0.973493442532234
455,0.9812946377961682,0.9726930796606453,0.9798343089592222,0.973622562853928
247,0.9814080036277066,0.9728280119415068,0.9799583291993254,0.9737516831756221
198,0.981521369459245,0.9729629442223684,0.9800823494394285,0.9738808034973161
1081,0.9816347352907834,0.97309787650323,0.9802063696795317,0.9740099238190102
1079,0.9817481011223217,0.9732328087840915,0.9803303899196348,0.9741390441407043
102,0.9818614669538601,0.973367741064953,0.9804544101597381,0.9742681644623983
71,0.9819748327853984,0.9735026733458145,0.9805784303998413,0.9743972847840924
1173,0.9820881986169369,0.9736376056266761,0.9807024506399444,0.9745264051057865
1172,0.9822015644484753,0.9737725379075377,0.980801666832027,0.9746555254274805
897,0.9823149302800136,0.9739074701883992,0.9809008830241095,0.9747846457491746
913,0.982428296111552,0.9740424024692608,0.9810000992161921,0.9749137660708687
736,0.9825416619430903,0.9741773347501222,0.9810993154082747,0.9750336635124417
1148,0.9826550277746288,0.9743122670309838,0.9811985316003572,0.9751535609540147
134,0.9827683936061671,0.9744471993118453,0.9812977477924397,0.9752734583955878
116,0.9828817594377055,0.9745821315927069,0.9813969639845223,0.9753933558371608
906,0.9829951252692438,0.9747170638735685,0.9814961801766048,0.9755132532787338
960,0.9831084911007822,0.97485199615443,0.9815953963686874,0.975633150720307
951,0.9832218569323206,0.9749700619001839,0.98169461256077,0.97575304816188
1163,0.983335222763859,0.9750881276459377,0.9817938287528525,0.9758729456034531
894,0.9834485885953973,0.9752061933916916,0.981893044944935,0.9759928430450261
118,0.9835619544269357,0.9753242591374454,0.9819922611370175,0.9761127404865991
785,0.9836753202584742,0.9754423248831993,0.9820914773291001,0.9762326379281722
1226,0.9837886860900125,0.9755603906289531,0.9821906935211827,0.9763525353697453
932,0.9839020519215509,0.975678456374707,0.9822899097132652,0.9764632099311973
830,0.9840154177530892,0.9757965221204608,0.9823891259053478,0.9765738844926494
795,0.9841287835846276,0.9759145878662147,0.9824883420974303,0.9766845590541015
886,0.984242149416166,0.9760326536119684,0.9825875582895128,0.9767952336155534
862,0.9843555152477044,0.9761507193577224,0.9826867744815954,0.9769059081770055
74,0.9844688810792427,0.9762687851034761,0.9827859906736779,0.9770165827384576
236,0.9845822469107811,0.97638685084923,0.9828852068657605,0.9771272572999096
208,0.9846956127423194,0.9765049165949838,0.9829844230578431,0.9772379318613617
243,0.9848089785738579,0.9766229823407377,0.9830836392499256,0.9773486064228137
928,0.9849223444053962,0.9767410480864915,0.9831828554420081,0.9774592809842658
922,0.9850357102369346,0.9768591138322454,0.9832820716340906,0.9775699555457178
199,0.985149076068473,0.9769603130428915,0.9833812878261732,0.9776806301071699
805,0.9852624419000113,0.9770615122535378,0.9834805040182558,0.977791304668622
930,0.9853758077315498,0.9771627114641839,0.9835797202103383,0.9779019792300739
206,0.9854891735630881,0.9772639106748301,0.9836789364024209,0.978012653791526
943,0.9856025393946265,0.9773651098854762,0.9837781525945034,0.9781233283529781
1185,0.9857159052261648,0.9774663090961224,0.9838773687865859,0.9782340029144301
283,0.9858292710577032,0.9775675083067685,0.9839765849786685,0.9783446774758822
411,0.9859426368892416,0.9776687075174147,0.9840758011707511,0.9784553520373342
1069,0.98605600272078,0.9777699067280609,0.9841750173628336,0.9785568037186653
133,0.9861693685523183,0.977871105938707,0.9842494295068955,0.9786582553999963
125,0.9862827343838567,0.9779723051493532,0.9843238416509574,0.9787597070813273
856,0.986396100215395,0.9780735043599993,0.9843982537950193,0.9788611587626584
885,0.9865094660469335,0.9781747035706455,0.9844726659390812,0.9789626104439895
729,0.9866228318784718,0.9782759027812916,0.9845470780831431,0.9790640621253205
945,0.9867361977100102,0.9783771019919378,0.9846214902272051,0.9791655138066515
733,0.9868495635415486,0.9784783012025839,0.984695902371267,0.9792577426078616
1041,0.9869629293730869,0.9785795004132302,0.9847703145153289,0.9793499714090717
1112,0.9870762952046254,0.9786806996238763,0.9848447266593908,0.9794422002102817
968,0.9871896610361637,0.9787818988345224,0.9849191388034527,0.9795344290114917
1034,0.9873030268677021,0.9788830980451686,0.9849935509475146,0.9796266578127018
1048,0.9874163926992404,0.9789842972558147,0.9850679630915765,0.9797188866139118
969,0.9875297585307788,0.9790854964664609,0.9851423752356384,0.9798111154151218
1125,0.9876431243623172,0.979186695677107,0.9852167873797004,0.9799033442163319
832,0.9877564901938556,0.9792710283526456,0.9852911995237623,0.9799955730175419
770,0.9878698560253939,0.979355361028184,0.9853656116678242,0.980087801818752
590,0.9879832218569323,0.9794396937037224,0.9854400238118861,0.980180030619962
1032,0.9880965876884706,0.979524026379261,0.985514435955948,0.980272259421172
946,0.9882099535200091,0.9796083590547994,0.9855888481000099,0.9803644882223821
237,0.9883233193515475,0.9796926917303378,0.9856632602440718,0.9804567170235922
778,0.9884366851830858,0.9797770244058763,0.9857376723881337,0.9805489458248021
228,0.9885500510146242,0.9798613570814148,0.9858120845321957,0.9806319517458912
741,0.9886634168461625,0.9799456897569532,0.9858864966762576,0.9807149576669802
431,0.988776782677701,0.9800300224324917,0.9859609088203195,0.9807979635880693
978,0.9888901485092393,0.9801143551080301,0.9860353209643814,0.9808809695091584
921,0.9890035143407777,0.9801986877835687,0.9861097331084433,0.9809639754302474
109,0.989116880172316,0.9802830204591071,0.9861841452525052,0.9810469813513364
202,0.9892302460038545,0.9803673531346455,0.9862585573965671,0.9811299872724254
1329,0.9893436118353928,0.980451685810184,0.986332969540629,0.9812129931935145
879,0.9894569776669312,0.9805360184857225,0.9864073816846909,0.9812959991146035
2010,0.9895703434984695,0.9806203511612609,0.9864817938287529,0.9813790050356925
854,0.9896837093300079,0.9807046838367994,0.9865562059728148,0.9814620109567815
383,0.9897970751615464,0.9807890165123379,0.9866306181168767,0.9815450168778707
172,0.9899104409930847,0.9808733491878764,0.9867050302609386,0.9816280227989597
313,0.9900238068246231,0.9809576818634148,0.9867794424050005,0.9817018058399277
517,0.9901371726561614,0.9810420145389532,0.9868538545490624,0.9817755888808958
270,0.9902505384876998,0.9811263472144918,0.9869282666931243,0.9818493719218637
330,0.9903639043192382,0.9812106798900302,0.9870026788371862,0.9819231549628318
395,0.9904772701507766,0.9812950125655686,0.9870770909812482,0.9819969380037998
1038,0.9905906359823149,0.9813793452411071,0.9871515031253101,0.9820707210447679
264,0.9907040018138533,0.9814636779166456,0.987225915269372,0.982144504085736
787,0.9908173676453916,0.981548010592184,0.9873003274134339,0.9822182871267039
827,0.9909307334769301,0.9816323432677225,0.9873747395574958,0.982292070167672
426,0.9910440993084684,0.981716675943261,0.9874491517015577,0.98236585320864
302,0.9911574651400068,0.9818010086187995,0.9875235638456196,0.9824396362496081
819,0.9912708309715452,0.9818853412943379,0.9875979759896815,0.982513419290576
1145,0.9913841968030835,0.9819696739698763,0.9876723881337435,0.9825872023315441
1018,0.991497562634622,0.9820540066454149,0.9877468002778054,0.9826609853725121
1211,0.9916109284661603,0.9821383393209533,0.9878212124218673,0.9827347684134802
712,0.9917242942976987,0.9822226719964917,0.9878956245659292,0.9828085514544482
209,0.991837660129237,0.9823070046720302,0.9879700367099911,0.9828823344954162
807,0.9919510259607754,0.9823913373475687,0.988044448854053,0.9829561175363842
1050,0.9920643917923138,0.9824588034879994,0.9881188609981149,0.9830299005773523
893,0.9921777576238522,0.9825262696284303,0.9881932731421768,0.9830944607381993
599,0.9922911234553905,0.982593735768861,0.9882676852862388,0.9831590208990464
880,0.9924044892869289,0.9826612019092917,0.9883420974303007,0.9832235810598934
303,0.9925178551184672,0.9827286680497226,0.9884165095743626,0.9832881412207404
888,0.9926312209500057,0.9827961341901533,0.9884909217184245,0.9833527013815875
532,0.9927445867815441,0.9828636003305841,0.9885653338624864,0.9834172615424345
528,0.9928579526130824,0.9829310664710149,0.9886397460065482,0.9834818217032815
94,0.9929713184446208,0.9829985326114457,0.9887141581506101,0.9835463818641286
112,0.9930846842761591,0.9830659987518764,0.9887637662466514,0.9836109420249756
635,0.9931980501076976,0.9831334648923071,0.9888133743426927,0.9836755021858226
180,0.9933114159392359,0.983200931032738,0.988862982438734,0.9837400623466697
1190,0.9934247817707743,0.9832683971731687,0.9889125905347753,0.9838046225075167
567,0.9935381476023126,0.9833358633135995,0.9889621986308166,0.9838691826683637
1117,0.993651513433851,0.9834033294540303,0.9890118067268578,0.9839337428292108
213,0.9937648792653894,0.983470795594461,0.9890614148228991,0.9839983029900577
2646,0.9938782450969278,0.9835382617348918,0.9891110229189404,0.9840628631509047
227,0.9939916109284661,0.9836057278753225,0.9891606310149816,0.9841274233117518
491,0.9941049767600045,0.9836731940157534,0.9892102391110229,0.9841919834725988
127,0.994218342591543,0.9837406601561841,0.9892598472070642,0.9842565436334458
119,0.9943317084230813,0.9838081262966148,0.9893094553031054,0.9843211037942928
735,0.9944450742546197,0.9838755924370457,0.9893590633991467,0.9843856639551399
538,0.994558440086158,0.9839430585774764,0.989408671495188,0.9844502241159869
215,0.9946718059176964,0.9840105247179072,0.9894582795912293,0.9845147842768339
478,0.9947851717492348,0.984077990858338,0.9895078876872706,0.984579344437681
424,0.9948985375807732,0.9841454569987688,0.9895574957833119,0.984643904598528
132,0.9950119034123115,0.9842129231391995,0.9896071038793531,0.9846992418792541
631,0.9951252692438499,0.9842803892796302,0.9896567119753944,0.9847545791599801
465,0.9952386350753882,0.9843478554200611,0.9897063200714357,0.9848099164407061
157,0.9953520009069267,0.9844153215604918,0.9897559281674769,0.9848652537214321
1159,0.995465366738465,0.9844827877009226,0.9898055362635182,0.9849205910021581
751,0.9955787325700034,0.9845502538413534,0.9898551443595595,0.9849759282828842
901,0.9956920984015418,0.9846177199817842,0.9899047524556007,0.9850312655636102
76,0.9958054642330801,0.9846851861222149,0.989954360551642,0.9850866028443362
809,0.9959188300646186,0.9847526522626456,0.9900039686476833,0.9851419401250623
709,0.9960321958961569,0.9848201184030765,0.9900535767437246,0.9851972774057883
155,0.9961455617276953,0.9848875845435072,0.9901031848397659,0.9852526146865143
390,0.9962589275592336,0.984955050683938,0.9901527929358072,0.9853079519672403
454,0.996372293390772,0.9850225168243688,0.9902024010318484,0.9853632892479663
450,0.9964856592223104,0.9850899829647995,0.9902520091278897,0.9854186265286924
851,0.9965990250538488,0.9851574491052303,0.990301617223931,0.9854739638094184
443,0.9967123908853871,0.9852249152456611,0.9903512253199722,0.9855293010901445
61,0.9968257567169255,0.9852923813860919,0.9904008334160135,0.9855846383708704
135,0.9969391225484638,0.9853598475265226,0.9904504415120547,0.9856399756515964
110,0.9970524883800023,0.9854273136669534,0.990500049608096,0.9856953129323225
225,0.9971658542115407,0.9854947798073842,0.9905496577041373,0.9857506502130485
297,0.997279220043079,0.9855622459478149,0.9905992658001785,0.9858059874937746
142,0.9973925858746174,0.9856297120882457,0.9906488738962199,0.9858613247745006
1108,0.9975059517061557,0.9856971782286765,0.9906984819922612,0.9859166620552267
67,0.9976193175376942,0.9857477778339996,0.9907480900883024,0.9859719993359526
1044,0.9977326833692325,0.9857983774393226,0.9907976981843437,0.9860273366166786
417,0.9978460492007709,0.9858489770446457,0.990847306280385,0.9860826738974047
422,0.9979594150323092,0.9858995766499687,0.9908969143764262,0.9861380111781307
408,0.9980727808638477,0.9859501762552919,0.9909465224724675,0.9861933484588568
402,0.998186146695386,0.986000775860615,0.9909961305685088,0.9862486857395828
981,0.9982995125269244,0.986051375465938,0.99104573866455,0.9863040230203087
120,0.9984128783584627,0.9861019750712611,0.9910953467605913,0.9863593603010348
1009,0.9985262441900011,0.9861525746765842,0.9911449548566326,0.9864054747016399
331,0.9986396100215396,0.9862031742819073,0.9911945629526738,0.9864515891022448
977,0.9987529758530779,0.9862537738872303,0.9912441710487152,0.9864977035028498
1815,0.9988663416846163,0.9863043734925534,0.9912937791447565,0.9865438179034549
268,0.9989797075161546,0.9863549730978765,0.9913433872407977,0.9865899323040599
2372,0.999093073347693,0.9864055727031996,0.991392995336839,0.986636046704665
915,0.9992064391792314,0.9864561723085227,0.9914426034328803,0.98668216110527
376,0.9993198050107698,0.9865067719138457,0.9914922115289215,0.9867282755058749
1078,0.9994331708423081,0.9865573715191688,0.9915418196249628,0.98677438990648
364,0.9995465366738465,0.986607971124492,0.9915914277210041,0.986820504307085
372,0.9996599025053848,0.986658570729815,0.9916410358170453,0.98686661870769
620,0.9997732683369233,0.986709170335138,0.9916906439130866,0.9869127331082951
640,0.9998866341684616,0.9867597699404611,0.9917402520091279,0.9869588475089001
1703,1.0,0.9868103695457842,0.9917898601051691,0.9870049619095052
964,1.0,0.9868609691511073,0.9918394682012104,0.9870510763101101
398,1.0,0.9869115687564304,0.9918890762972518,0.9870971907107151
618,1.0,0.9869621683617534,0.991938684393293,0.9871433051113202
328,1.0,0.9870127679670765,0.9919882924893343,0.9871894195119252
205,1.0,0.9870633675723997,0.9920379005853756,0.9872355339125302
345,1.0,0.9871139671777227,0.9920875086814168,0.9872816483131353
97,1.0,0.9871645667830458,0.9921371167774581,0.9873277627137402
2301,1.0,0.9872151663883688,0.9921867248734993,0.9873738771143453
814,1.0,0.9872657659936919,0.9922363329695406,0.9874199915149503
1683,1.0,0.987316365599015,0.9922859410655819,0.9874661059155553
400,1.0,0.9873669652043381,0.9923355491616231,0.9875122203161604
322,1.0,0.9874175648096611,0.9923851572576644,0.9875583347167654
924,1.0,0.9874681644149842,0.9924347653537057,0.9876044491173703
449,1.0,0.9875187640203074,0.992484373449747,0.9876505635179754
219,1.0,0.9875693636256304,0.9925339815457883,0.9876966779185804
279,1.0,0.9876199632309535,0.9925835896418296,0.9877427923191854
295,1.0,0.9876705628362765,0.9926331977378708,0.9877889067197905
789,1.0,0.9877211624415996,0.9926828058339121,0.9878350211203955
2377,1.0,0.9877717620469227,0.9927324139299534,0.9878811355210005
1964,1.0,0.9878223616522458,0.9927820220259946,0.9879272499216055
469,1.0,0.9878729612575688,0.9928316301220359,0.9879733643222105
918,1.0,0.9879235608628919,0.9928812382180772,0.9880194787228156
309,1.0,0.9879741604682151,0.9929308463141184,0.9880655931234206
966,1.0,0.9880247600735381,0.9929804544101597,0.9881117075240256
1073,1.0,0.9880753596788612,0.993030062506201,0.9881578219246306
904,1.0,0.9881259592841842,0.9930796706022423,0.9882039363252356
662,1.0,0.9881765588895073,0.9931292786982836,0.9882500507258407
900,1.0,0.9882271584948304,0.9931540827463042,0.9882961651264457
486,1.0,0.9882777581001535,0.9931788867943249,0.9883422795270507
162,1.0,0.9883283577054766,0.9932036908423455,0.9883883939276558
881,1.0,0.9883789573107996,0.9932284948903661,0.9884345083282607
896,1.0,0.9884295569161228,0.9932532989383868,0.9884806227288657
649,1.0,0.9884801565214458,0.9932781029864074,0.9885267371294708
953,1.0,0.9885307561267689,0.993302907034428,0.9885728515300758
952,1.0,0.9885813557320919,0.9933277110824487,0.9886189659306809
561,1.0,0.988631955337415,0.9933525151304693,0.9886650803312859
406,1.0,0.9886825549427382,0.9933773191784899,0.9887111947318908
902,1.0,0.9887331545480612,0.9934021232265106,0.9887480862523749
938,1.0,0.9887837541533843,0.9934269272745312,0.9887849777728589
92,1.0,0.9888343537587073,0.9934517313225518,0.9888218692933429
859,1.0,0.9888849533640304,0.9934765353705725,0.988858760813827
2475,1.0,0.9889355529693535,0.9935013394185931,0.988895652334311
1198,1.0,0.9889861525746766,0.9935261434666137,0.988932543854795
614,1.0,0.9890367521799996,0.9935509475146344,0.988969435375279
864,1.0,0.9890873517853227,0.993575751562655,0.989006326895763
933,1.0,0.9891379513906459,0.9936005556106756,0.989043218416247
273,1.0,0.9891885509959689,0.9936253596586962,0.989080109936731
600,1.0,0.989239150601292,0.9936501637067169,0.989117001457215
1926,1.0,0.989289750206615,0.9936749677547376,0.9891538929776991
497,1.0,0.9893403498119381,0.9936997718027583,0.9891907844981831
246,1.0,0.9893909494172612,0.9937245758507789,0.9892276760186671
89,1.0,0.9894415490225843,0.9937493798987995,0.9892645675391512
320,1.0,0.9894921486279074,0.9937741839468202,0.9893014590596352
221,1.0,0.9895427482332304,0.9937989879948408,0.9893383505801192
211,1.0,0.9895933478385536,0.9938237920428614,0.9893752421006031
388,1.0,0.9896439474438766,0.993848596090882,0.9894121336210872
589,1.0,0.9896945470491997,0.9938734001389027,0.9894490251415712
1015,1.0,0.9897451466545227,0.9938982041869233,0.9894859166620552
833,1.0,0.9897957462598458,0.993923008234944,0.9895228081825392
834,1.0,0.989846345865169,0.9939478122829646,0.9895596997030233
317,1.0,0.989896945470492,0.9939726163309852,0.9895965912235073
1091,1.0,0.9899475450758151,0.9939974203790058,0.9896334827439913
1090,1.0,0.9899981446811381,0.9940222244270265,0.9896703742644753
723,1.0,0.9900487442864613,0.9940470284750471,0.9897072657849594
84,1.0,0.9900993438917843,0.9940718325230677,0.9897441573054433
845,1.0,0.9901499434971074,0.9940966365710884,0.9897810488259273
1676,1.0,0.9901836765673228,0.994121440619109,0.9898179403464114
430,1.0,0.9902174096375381,0.9941462446671296,0.9898548318668954
238,1.0,0.9902511427077535,0.9941710487151503,0.9898917233873794
853,1.0,0.990284875777969,0.9941958527631709,0.9899286149078634
266,1.0,0.9903186088481843,0.9942206568111915,0.9899655064283475
413,1.0,0.9903523419183997,0.9942454608592122,0.9900023979488315
476,1.0,0.9903860749886151,0.9942702649072329,0.9900392894693155
440,1.0,0.9904198080588305,0.9942950689552535,0.9900761809897995
2163,1.0,0.9904535411290458,0.9943198730032742,0.9901130725102835
73,1.0,0.9904872741992612,0.9943446770512948,0.9901499640307675
560,1.0,0.9905210072694767,0.9943694810993154,0.9901868555512515
747,1.0,0.990554740339692,0.9943942851473361,0.9902237470717355
861,1.0,0.9905884734099074,0.9944190891953567,0.9902606385922196
1169,1.0,0.9906222064801228,0.9944438932433773,0.9902975301127036
428,1.0,0.9906559395503381,0.994468697291398,0.9903344216331876
267,1.0,0.9906896726205535,0.9944935013394186,0.9903713131536717
226,1.0,0.990723405690769,0.9945183053874392,0.9904082046741557
195,1.0,0.9907571387609844,0.9945431094354599,0.9904450961946396
544,1.0,0.9907908718311997,0.9945679134834805,0.9904819877151236
506,1.0,0.9908246049014151,0.9945927175315011,0.9905188792356077
788,1.0,0.9908583379716305,0.9946175215795218,0.9905557707560917
154,1.0,0.9908920710418458,0.9946423256275424,0.9905926622765757
341,1.0,0.9909258041120612,0.994667129675563,0.9906295537970597
783,1.0,0.9909595371822767,0.9946919337235837,0.9906664453175438
148,1.0,0.9909932702524921,0.9947167377716043,0.9907033368380278
1036,1.0,0.9910270033227074,0.9947415418196249,0.9907402283585118
1838,1.0,0.9910607363929228,0.9947663458676456,0.9907771198789959
423,1.0,0.9910944694631382,0.9947911499156662,0.9908140113994798
1121,1.0,0.9911282025333535,0.9948159539636868,0.9908509029199638
877,1.0,0.9911619356035689,0.9948407580117075,0.9908877944404478
937,1.0,0.9911956686737844,0.9948655620597281,0.9909154630808109
114,1.0,0.9912294017439998,0.9948903661077488,0.9909431317211739
481,1.0,0.9912631348142151,0.9949151701557695,0.990970800361537
801,1.0,0.9912968678844305,0.9949399742037901,0.9909984690018999
375,1.0,0.9913306009546459,0.9949647782518107,0.9910261376422629
184,1.0,0.9913643340248612,0.9949895822998314,0.991053806282626
541,1.0,0.9913980670950766,0.995014386347852,0.9910814749229889
271,1.0,0.9914318001652921,0.9950391903958726,0.991109143563352
245,1.0,0.9914655332355075,0.9950639944438933,0.991136812203715
464,1.0,0.9914992663057228,0.9950887984919139,0.991164480844078
512,1.0,0.9915329993759382,0.9951136025399345,0.991192149484441
2074,1.0,0.9915667324461536,0.9951384065879552,0.991219818124804
429,1.0,0.9916004655163689,0.9951632106359758,0.991247486765167
1590,1.0,0.9916341985865843,0.9951880146839964,0.99127515540553
296,1.0,0.9916679316567998,0.9952128187320171,0.9913028240458931
336,1.0,0.9917016647270152,0.9952376227800377,0.9913304926862561
113,1.0,0.9917353977972305,0.9952624268280583,0.991358161326619
275,1.0,0.9917691308674459,0.995287230876079,0.9913858299669821
280,1.0,0.9918028639376613,0.9953120349240996,0.9914134986073451
276,1.0,0.9918365970078766,0.9953368389721202,0.9914411672477081
311,1.0,0.9918703300780921,0.9953616430201409,0.9914688358880711
315,1.0,0.9919040631483075,0.9953864470681615,0.9914965045284342
304,1.0,0.9919377962185228,0.9954112511161821,0.9915241731687972
301,1.0,0.9919715292887382,0.9954360551642027,0.9915518418091601
261,1.0,0.9920052623589536,0.9954608592122234,0.9915795104495232
250,1.0,0.992038995429169,0.9954856632602441,0.9916071790898862
289,1.0,0.9920727284993843,0.9955104673082648,0.9916348477302492
310,1.0,0.9921064615695998,0.9955352713562854,0.9916625163706122
626,1.0,0.9921401946398152,0.995560075404306,0.9916901850109753
298,1.0,0.9921739277100305,0.9955848794523267,0.9917178536513382
368,1.0,0.9922076607802459,0.9956096835003473,0.9917455222917012
380,1.0,0.9922413938504613,0.9956344875483679,0.9917731909320643
433,1.0,0.9922751269206767,0.9956592915963886,0.9918008595724273
543,1.0,0.992308859990892,0.9956840956444092,0.9918285282127903
435,1.0,0.9923425930611075,0.9957088996924298,0.9918561968531533
447,1.0,0.9923763261313229,0.9957337037404504,0.9918838654935164
910,1.0,0.9924100592015382,0.9957585077884711,0.9919115341338793
752,1.0,0.9924437922717536,0.9957833118364917,0.9919392027742423
965,1.0,0.992477525341969,0.9958081158845123,0.9919668714146054
1999,1.0,0.9925112584121843,0.995832919932533,0.9919945400549683
656,1.0,0.9925449914823997,0.9958577239805536,0.9920222086953314
1722,1.0,0.9925787245526152,0.9958825280285742,0.9920498773356944
2916,1.0,0.9926124576228306,0.9959073320765949,0.9920775459760574
179,1.0,0.9926461906930459,0.9959321361246155,0.9921052146164204
1400,1.0,0.9926799237632613,0.9959569401726361,0.9921328832567834
1511,1.0,0.9927136568334767,0.9959817442206568,0.9921605518971465
507,1.0,0.992747389903692,0.9960065482686774,0.9921882205375094
1582,1.0,0.9927811229739074,0.996031352316698,0.9922158891778725
183,1.0,0.9928148560441229,0.9960561563647187,0.9922435578182355
363,1.0,0.9928485891143383,0.9960809604127394,0.9922712264585984
1767,1.0,0.9928823221845536,0.99610576446076,0.9922988950989615
131,1.0,0.992916055254769,0.9961305685087807,0.9923265637393245
2191,1.0,0.9929497883249844,0.9961553725568013,0.9923542323796876
1978,1.0,0.9929835213951997,0.9961801766048219,0.9923819010200505
168,1.0,0.9930172544654152,0.9962049806528426,0.9924095696604136
1391,1.0,0.9930509875356306,0.9962297847008632,0.9924372383007766
335,1.0,0.993084720605846,0.9962545887488838,0.9924649069411395
739,1.0,0.9931184536760613,0.9962793927969045,0.9924925755815026
738,1.0,0.9931521867462767,0.9963041968449251,0.9925202442218656
587,1.0,0.9931859198164921,0.9963290008929457,0.9925479128622287
101,1.0,0.9932196528867074,0.9963538049409664,0.9925755815025916
825,1.0,0.9932533859569229,0.996378608988987,0.9926032501429547
468,1.0,0.9932871190271383,0.9964034130370076,0.9926309187833177
170,1.0,0.9933208520973537,0.9964282170850283,0.9926585874236806
329,1.0,0.993354585167569,0.9964530211330489,0.9926862560640437
350,1.0,0.9933883182377844,0.9964778251810695,0.9927139247044067
2641,1.0,0.9934220513079998,0.9965026292290902,0.9927415933447697
780,1.0,0.9934557843782151,0.9965274332771108,0.9927692619851327
185,1.0,0.9934895174484306,0.9965522373251314,0.9927969306254957
165,1.0,0.993523250518646,0.9965770413731521,0.9928245992658588
2494,1.0,0.9935569835888614,0.9966018454211727,0.9928522679062217
550,1.0,0.9935907166590767,0.9966266494691933,0.9928799365465848
1113,1.0,0.9936244497292921,0.996651453517214,0.9929076051869478
575,1.0,0.9936581827995075,0.9966762575652346,0.9929352738273108
673,1.0,0.9936919158697228,0.9967010616132553,0.9929629424676738
348,1.0,0.9937256489399383,0.996725865661276,0.9929906111080368
222,1.0,0.9937593820101537,0.9967506697092966,0.9930182797483998
293,1.0,0.993793115080369,0.9967754737573172,0.9930459483887628
457,1.0,0.9938268481505844,0.9968002778053379,0.9930736170291259
153,1.0,0.9938605812207998,0.9968250818533585,0.9931012856694889
629,1.0,0.9938943142910152,0.9968498859013791,0.9931289543098519
201,1.0,0.9939280473612306,0.9968746899493998,0.9931566229502149
1607,1.0,0.993961780431446,0.9968994939974204,0.9931842915905779
622,1.0,0.9939955135016614,0.996924298045441,0.9932119602309409
644,1.0,0.9940292465718767,0.9969491020934617,0.9932396288713039
260,1.0,0.9940629796420921,0.9969739061414823,0.993267297511667
254,1.0,0.9940967127123075,0.9969987101895029,0.99329496615203
308,1.0,0.9941304457825229,0.9970235142375236,0.993322634792393
281,1.0,0.9941641788527383,0.9970483182855442,0.993350303432756
284,1.0,0.9941979119229537,0.9970731223335648,0.993377972073119
300,1.0,0.9942316449931691,0.9970979263815855,0.993405640713482
334,1.0,0.9942653780633844,0.9971227304296061,0.993433309353845
366,1.0,0.9942991111335998,0.9971475344776267,0.9934609779942081
824,1.0,0.9943328442038152,0.9971723385256474,0.993488646634571
385,1.0,0.9943665772740305,0.997197142573668,0.993516315274934
369,1.0,0.994400310344246,0.9972219466216886,0.9935439839152971
346,1.0,0.9944340434144614,0.9972467506697092,0.99357165255566
373,1.0,0.9944677764846768,0.9972715547177299,0.9935993211960231
394,1.0,0.9945015095548921,0.9972963587657506,0.9936269898363861
397,1.0,0.9945352426251075,0.9973211628137713,0.9936546584767492
401,1.0,0.9945689756953229,0.9973459668617919,0.9936823271171121
793,1.0,0.9946027087655382,0.9973707709098125,0.9937099957574751
389,1.0,0.9946364418357537,0.9973955749578332,0.9937376643978382
794,1.0,0.9946701749059691,0.9974203790058538,0.9937653330382011
381,1.0,0.9947039079761845,0.9974451830538744,0.9937930016785642
386,1.0,0.9947376410463998,0.997469987101895,0.9938206703189272
382,1.0,0.9947545075815075,0.9974947911499157,0.9938483389592903
420,1.0,0.9947713741166152,0.9975195951979363,0.9938760075996532
379,1.0,0.9947882406517229,0.997544399245957,0.9939036762400162
998,1.0,0.9948051071868306,0.9975692032939776,0.9939221220002582
489,1.0,0.9948219737219383,0.9975940073419982,0.9939405677605002
484,1.0,0.9948388402570459,0.9976188113900188,0.9939590135207422
508,1.0,0.9948557067921537,0.9976436154380395,0.9939774592809842
490,1.0,0.9948725733272614,0.9976684194860601,0.9939959050412263
483,1.0,0.9948894398623691,0.9976932235340807,0.9940143508014683
487,1.0,0.9949063063974768,0.9977180275821014,0.9940327965617103
501,1.0,0.9949231729325845,0.997742831630122,0.9940512423219523
479,1.0,0.9949400394676922,0.9977676356781426,0.9940696880821943
485,1.0,0.9949569060027998,0.9977924397261633,0.9940881338424363
509,1.0,0.9949737725379075,0.9978172437741839,0.9941065796026783
493,1.0,0.9949906390730152,0.9978420478222045,0.9941250253629204
511,1.0,0.9950075056081229,0.9978668518702252,0.9941434711231624
504,1.0,0.9950243721432306,0.9978916559182459,0.9941619168834044
570,1.0,0.9950412386783383,0.9979164599662665,0.9941803626436464
668,1.0,0.995058105213446,0.9979412640142872,0.9941988084038884
500,1.0,0.9950749717485537,0.9979660680623078,0.9942172541641304
495,1.0,0.9950918382836614,0.9979908721103284,0.9942356999243723
537,1.0,0.9951087048187691,0.9980156761583491,0.9942541456846143
519,1.0,0.9951255713538768,0.9980404802063697,0.9942725914448564
513,1.0,0.9951424378889845,0.9980652842543903,0.9942910372050984
522,1.0,0.9951593044240922,0.998090088302411,0.9943094829653404
514,1.0,0.9951761709591999,0.9981148923504316,0.9943279287255824
523,1.0,0.9951930374943075,0.9981396963984522,0.9943463744858244
529,1.0,0.9952099040294152,0.9981645004464729,0.9943648202460664
505,1.0,0.9952267705645229,0.9981893044944935,0.9943832660063084
584,1.0,0.9952436370996306,0.9982141085425141,0.9944017117665505
558,1.0,0.9952605036347383,0.9982389125905348,0.9944201575267925
554,1.0,0.995277370169846,0.9982637166385554,0.9944386032870345
547,1.0,0.9952942367049536,0.998288520686576,0.9944570490472765
548,1.0,0.9953111032400614,0.9983133247345967,0.9944754948075185
596,1.0,0.9953279697751691,0.9983381287826173,0.9944939405677605
588,1.0,0.9953448363102768,0.9983629328306379,0.9945123863280025
583,1.0,0.9953617028453845,0.9983877368786586,0.9945308320882446
576,1.0,0.9953785693804922,0.9984125409266792,0.9945492778484866
624,1.0,0.9953954359155999,0.9984373449746998,0.9945677236087286
1621,1.0,0.9954123024507076,0.9984621490227205,0.9945861693689706
1608,1.0,0.9954291689858152,0.9984869530707411,0.9946046151292125
655,1.0,0.9954460355209229,0.9985117571187618,0.9946230608894545
914,1.0,0.9954629020560306,0.9985365611667825,0.9946415066496965
1422,1.0,0.9954797685911383,0.9985613652148031,0.9946599524099385
692,1.0,0.995496635126246,0.9985861692628237,0.9946783981701806
1283,1.0,0.9955135016613537,0.9986109733108444,0.9946968439304226
843,1.0,0.9955303681964613,0.998635777358865,0.9947152896906646
697,1.0,0.9955472347315691,0.9986605814068856,0.9947337354509066
701,1.0,0.9955641012666768,0.9986853854549063,0.9947521812111486
694,1.0,0.9955809678017845,0.9987101895029269,0.9947706269713906
690,1.0,0.9955978343368922,0.9987349935509475,0.9947890727316326
715,1.0,0.9956147008719999,0.9987597975989682,0.9948075184918747
714,1.0,0.9956315674071076,0.9987846016469888,0.9948259642521167
732,1.0,0.9956484339422152,0.9988094056950094,0.9948444100123587
802,1.0,0.9956653004773229,0.99883420974303,0.9948628557726007
776,1.0,0.9956821670124306,0.9988590137910507,0.9948813015328427
775,1.0,0.9956990335475383,0.9988838178390713,0.9948997472930847
954,1.0,0.995715900082646,0.998908621887092,0.9949181930533267
1369,1.0,0.9957327666177537,0.9989334259351126,0.9949366388135688
1527,1.0,0.9957496331528614,0.9989582299831332,0.9949550845738107
1264,1.0,0.9957664996879692,0.9989830340311538,0.9949735303340527
728,1.0,0.9957833662230768,0.9990078380791745,0.9949919760942947
2456,1.0,0.9958002327581845,0.9990326421271951,0.9950104218545367
1895,1.0,0.9958170992932922,0.9990574461752157,0.9950288676147787
1751,1.0,0.9958339658283999,0.9990822502232364,0.9950473133750207
2448,1.0,0.9958508323635076,0.9991070542712571,0.9950657591352627
2478,1.0,0.9958676988986153,0.9991318583192778,0.9950842048955048
194,1.0,0.995884565433723,0.9991566623672984,0.9951026506557468
318,1.0,0.9959014319688306,0.999181466415319,0.9951210964159888
229,1.0,0.9959182985039383,0.9992062704633397,0.9951395421762308
367,1.0,0.995935165039046,0.9992310745113603,0.9951579879364728
412,1.0,0.9959520315741537,0.9992558785593809,0.9951764336967148
419,1.0,0.9959688981092614,0.9992806826074015,0.9951948794569568
720,1.0,0.995985764644369,0.9993054866554222,0.9952133252171989
823,1.0,0.9960026311794768,0.9993302907034428,0.9952317709774409
1188,1.0,0.9960194977145845,0.9993550947514634,0.9952502167376829
122,1.0,0.9960363642496922,0.9993798987994841,0.9952686624979249
212,1.0,0.9960532307847999,0.9994047028475047,0.9952871082581669
427,1.0,0.9960700973199076,0.9994295068955253,0.9953055540184089
257,1.0,0.9960869638550153,0.999454310943546,0.9953239997786508
1636,1.0,0.996103830390123,0.9994791149915666,0.9953424455388928
292,1.0,0.9961206969252306,0.9995039190395872,0.9953608912991349
360,1.0,0.9961375634603383,0.9995287230876079,0.9953793370593769
1205,1.0,0.996154429995446,0.9995535271356285,0.9953977828196189
1773,1.0,0.9961712965305537,0.9995783311836491,0.9954162285798609
456,1.0,0.9961881630656614,0.9996031352316698,0.9954346743401029
434,1.0,0.9962050296007691,0.9996279392796904,0.9954531201003449
241,1.0,0.9962218961358769,0.999652743327711,0.9954715658605869
696,1.0,0.9962387626709845,0.9996775473757317,0.995490011620829
192,1.0,0.9962556292060922,0.9997023514237524,0.995508457381071
190,1.0,0.9962724957411999,0.999727155471773,0.995526903141313
1064,1.0,0.9962893622763076,0.9997519595197937,0.995545348901555
1120,1.0,0.9963062288114153,0.9997767635678143,0.995563794661797
563,1.0,0.996323095346523,0.9998015676158349,0.995582240422039
813,1.0,0.9963399618816307,0.9998263716638556,0.995600686182281
340,1.0,0.9963568284167383,0.9998511757118762,0.995619131942523
337,1.0,0.996373694951846,0.9998759797598968,0.9956375777027651
1082,1.0,0.9963905614869537,0.9999007838079175,0.9956560234630071
555,1.0,0.9964074280220614,0.9999255878559381,0.995674469223249
1721,1.0,0.9964242945571691,0.9999503919039587,0.995692914983491
1679,1.0,0.9964411610922768,0.9999751959519794,0.995711360743733
1024,1.0,0.9964580276273846,1.0,0.995729806503975
256,1.0,0.9964748941624922,1.0,0.995748252264217
1227,1.0,0.9964917606975999,1.0,0.995766698024459
378,1.0,0.9965086272327076,1.0,0.9957851437847011
1644,1.0,0.9965254937678153,1.0,0.9958035895449431
178,1.0,0.996542360302923,1.0,0.9958220353051851
210,1.0,0.9965592268380307,1.0,0.9958404810654271
437,1.0,0.9965760933731383,1.0,0.9958589268256691
252,1.0,0.996592959908246,1.0,0.9958773725859111
139,1.0,0.9966098264433537,1.0,0.9958958183461531
425,1.0,0.9966266929784614,1.0,0.9959142641063952
573,1.0,0.9966435595135691,1.0,0.9959327098666372
474,1.0,0.9966604260486768,1.0,0.9959511556268792
470,1.0,0.9966772925837845,1.0,0.9959696013871212
463,1.0,0.9966941591188923,1.0,0.9959880471473632
461,1.0,0.9967110256539999,1.0,0.9960064929076052
244,1.0,0.9967278921891076,1.0,0.9960249386678472
265,1.0,0.9967447587242153,1.0,0.9960433844280892
171,1.0,0.996761625259323,1.0,0.9960618301883312
191,1.0,0.9967784917944307,1.0,0.9960802759485732
377,1.0,0.9967953583295384,1.0,0.9960987217088152
339,1.0,0.996812224864646,1.0,0.9961171674690572
321,1.0,0.9968290913997537,1.0,0.9961356132292992
287,1.0,0.9968459579348614,1.0,0.9961540589895412
416,1.0,0.9968628244699691,1.0,0.9961725047497832
748,1.0,0.9968796910050768,1.0,0.9961909505100253
232,1.0,0.9968965575401845,1.0,0.9962093962702673
274,1.0,0.9969134240752923,1.0,0.9962278420305093
214,1.0,0.9969302906104,1.0,0.9962462877907513
235,1.0,0.9969471571455076,1.0,0.9962647335509933
234,1.0,0.9969640236806153,1.0,0.9962831793112353
496,1.0,0.996980890215723,1.0,0.9963016250714773
169,1.0,0.9969977567508307,1.0,0.9963200708317194
1574,1.0,0.9970146232859384,1.0,0.9963385165919614
803,1.0,0.9970314898210461,1.0,0.9963569623522034
1382,1.0,0.9970483563561537,1.0,0.9963754081124454
3359,1.0,0.9970652228912614,1.0,0.9963938538726873
4034,1.0,0.9970820894263691,1.0,0.9964122996329293
533,1.0,0.9970989559614768,1.0,0.9964307453931713
559,1.0,0.9971158224965845,1.0,0.9964491911534133
151,1.0,0.9971326890316922,1.0,0.9964676369136554
724,1.0,0.9971495555668,1.0,0.9964860826738974
757,1.0,0.9971664221019076,1.0,0.9965045284341394
1708,1.0,0.9971832886370153,1.0,0.9965229741943814
403,1.0,0.997200155172123,1.0,0.9965414199546234
760,1.0,0.9972170217072307,1.0,0.9965598657148654
754,1.0,0.9972338882423384,1.0,0.9965783114751074
510,1.0,0.9972507547774461,1.0,0.9965967572353495
627,1.0,0.9972676213125538,1.0,0.9966152029955915
2197,1.0,0.9972844878476614,1.0,0.9966336487558335
687,1.0,0.9973013543827691,1.0,0.9966520945160755
979,1.0,0.9973182209178768,1.0,0.9966705402763175
324,1.0,0.9973350874529845,1.0,0.9966889860365595
2013,1.0,0.9973519539880922,1.0,0.9967074317968015
2096,1.0,0.9973688205232,1.0,0.9967166546769225
2204,1.0,0.9973856870583077,1.0,0.9967258775570436
876,1.0,0.9974025535934153,1.0,0.9967351004371645
719,1.0,0.997419420128523,1.0,0.9967443233172856
711,1.0,0.9974362866636307,1.0,0.9967535461974065
994,1.0,0.9974531531987384,1.0,0.9967627690775275
224,1.0,0.9974700197338461,1.0,0.9967719919576485
255,1.0,0.9974868862689538,1.0,0.9967812148377695
704,1.0,0.9975037528040614,1.0,0.9967904377178906
1834,1.0,0.9975206193391691,1.0,0.9967996605980115
681,1.0,0.9975374858742768,1.0,0.9968088834781326
753,1.0,0.9975543524093845,1.0,0.9968181063582535
831,1.0,0.9975712189444922,1.0,0.9968273292383746
181,1.0,0.9975880854795999,1.0,0.9968365521184955
976,1.0,0.9976049520147077,1.0,0.9968457749986166
742,1.0,0.9976218185498154,1.0,0.9968549978787375
1147,1.0,0.997638685084923,1.0,0.9968642207588586
772,1.0,0.9976555516200307,1.0,0.9968734436389796
726,1.0,0.9976724181551384,1.0,0.9968826665191006
671,1.0,0.9976892846902461,1.0,0.9968918893992216
2952,1.0,0.9977061512253538,1.0,0.9969011122793426
2786,1.0,0.9977230177604615,1.0,0.9969103351594636
436,1.0,0.9977398842955691,1.0,0.9969195580395847
1212,1.0,0.9977567508306768,1.0,0.9969287809197056
935,1.0,0.9977736173657845,1.0,0.9969380037998266
623,1.0,0.9977904839008922,1.0,0.9969472266799476
650,1.0,0.9978073504359999,1.0,0.9969564495600686
1465,1.0,0.9978242169711077,1.0,0.9969656724401896
1010,1.0,0.9978410835062154,1.0,0.9969748953203106
680,1.0,0.997857950041323,1.0,0.9969841182004316
2158,1.0,0.9978748165764307,1.0,0.9969933410805526
679,1.0,0.9978916831115384,1.0,0.9970025639606737
2926,1.0,0.9979085496466461,1.0,0.9970117868407946
771,1.0,0.9979254161817538,1.0,0.9970210097209157
393,1.0,0.9979422827168615,1.0,0.9970302326010366
499,1.0,0.9979591492519692,1.0,0.9970394554811577
1377,1.0,0.9979760157870768,1.0,0.9970486783612786
2841,1.0,0.9979928823221845,1.0,0.9970579012413997
460,1.0,0.9980097488572922,1.0,0.9970671241215207
684,1.0,0.9980266153923999,1.0,0.9970763470016417
2842,1.0,0.9980434819275076,1.0,0.9970855698817627
663,1.0,0.9980603484626154,1.0,0.9970947927618837
661,1.0,0.9980772149977231,1.0,0.9971040156420047
790,1.0,0.9980940815328307,1.0,0.9971132385221257
691,1.0,0.9981109480679384,1.0,0.9971224614022467
1882,1.0,0.9981278146030461,1.0,0.9971316842823676
1875,1.0,0.9981446811381538,1.0,0.9971409071624887
391,1.0,0.9981615476732615,1.0,0.9971501300426097
467,1.0,0.9981784142083692,1.0,0.9971593529227307
1844,1.0,0.9981952807434769,1.0,0.9971685758028517
137,1.0,0.9982121472785845,1.0,0.9971777986829727
959,1.0,0.9982290138136922,1.0,0.9971870215630937
1616,1.0,0.9982458803487999,1.0,0.9971962444432148
868,1.0,0.9982627468839076,1.0,0.9972054673233357
557,1.0,0.9982796134190153,1.0,0.9972146902034568
674,1.0,0.9982964799541231,1.0,0.9972239130835777
702,1.0,0.9983133464892308,1.0,0.9972331359636988
667,1.0,0.9983302130243384,1.0,0.9972423588438197
665,1.0,0.9983470795594461,1.0,0.9972515817239408
1975,1.0,0.9983639460945538,1.0,0.9972608046040617
1702,1.0,0.9983808126296615,1.0,0.9972700274841828
494,1.0,0.9983976791647692,1.0,0.9972792503643038
647,1.0,0.9984145456998769,1.0,0.9972884732444248
677,1.0,0.9984314122349845,1.0,0.9972976961245458
698,1.0,0.9984482787700922,1.0,0.9973069190046667
699,1.0,0.9984651453051999,1.0,0.9973161418847878
890,1.0,0.9984820118403076,1.0,0.9973253647649087
1000,1.0,0.9984988783754153,1.0,0.9973345876450298
999,1.0,0.9985157449105231,1.0,0.9973438105251508
442,1.0,0.9985326114456308,1.0,0.9973530334052718
595,1.0,0.9985494779807385,1.0,0.9973622562853928
438,1.0,0.9985663445158461,1.0,0.9973714791655138
361,1.0,0.9985832110509538,1.0,0.9973807020456348
612,1.0,0.9986000775860615,1.0,0.9973899249257558
611,1.0,0.9986169441211692,1.0,0.9973991478058768
615,1.0,0.9986338106562769,1.0,0.9974083706859979
613,1.0,0.9986506771913846,1.0,0.9974175935661188
727,1.0,0.9986675437264922,1.0,0.9974268164462399
762,1.0,0.9986844102615999,1.0,0.9974360393263608
1358,1.0,0.9987012767967076,1.0,0.9974452622064819
2121,1.0,0.9987181433318153,1.0,0.9974544850866028
2117,1.0,0.998735009866923,1.0,0.9974637079667239
950,1.0,0.9987518764020308,1.0,0.9974729308468449
1810,1.0,0.9987687429371385,1.0,0.9974821537269658
1991,1.0,0.9987856094722461,1.0,0.9974913766070869
1393,1.0,0.9988024760073538,1.0,0.9975005994872078
1707,1.0,0.9988193425424615,1.0,0.9975098223673289
1932,1.0,0.9988362090775692,1.0,0.9975190452474498
1689,1.0,0.9988530756126769,1.0,0.9975282681275709
1913,1.0,0.9988699421477846,1.0,0.9975374910076918
480,1.0,0.9988868086828923,1.0,0.9975467138878129
641,1.0,0.9989036752179999,1.0,0.9975559367679339
1020,1.0,0.9989205417531076,1.0,0.9975651596480549
608,1.0,0.9989374082882153,1.0,0.9975743825281759
2922,1.0,0.998954274823323,1.0,0.9975836054082969
637,1.0,0.9989711413584308,1.0,0.9975928282884179
353,1.0,0.9989880078935385,1.0,0.997602051168539
916,1.0,0.9990048744286462,1.0,0.9976112740486599
459,1.0,0.9990217409637538,1.0,0.997620496928781
356,1.0,0.9990386074988615,1.0,0.9976297198089019
409,1.0,0.9990554740339692,1.0,0.997638942689023
756,1.0,0.9990723405690769,1.0,0.9976481655691439
410,1.0,0.9990892071041846,1.0,0.9976573884492649
357,1.0,0.9991060736392923,1.0,0.9976666113293859
399,1.0,0.9991229401744,1.0,0.9976758342095069
546,1.0,0.9991398067095076,1.0,0.997685057089628
342,1.0,0.9991566732446153,1.0,0.9976942799697489
441,1.0,0.999173539779723,1.0,0.99770350284987
594,1.0,0.9991904063148307,1.0,0.9977127257299909
643,1.0,0.9992072728499385,1.0,0.997721948610112
638,1.0,0.9992241393850462,1.0,0.9977311714902329
414,1.0,0.9992410059201539,1.0,0.997740394370354
-1,1.0,0.9992578724552615,1.0,0.997749617250475
-31,1.0,0.9992747389903692,1.0,0.997758840130596
326,1.0,0.9992916055254769,1.0,0.997768063010717
343,1.0,0.9993084720605846,1.0,0.997777285890838
291,1.0,0.9993253385956923,1.0,0.997786508770959
472,1.0,0.9993422051308,1.0,0.99779573165108
552,1.0,0.9993590716659077,1.0,0.997804954531201
305,1.0,0.9993759382010153,1.0,0.9978141774113221
306,1.0,0.999392804736123,1.0,0.997823400291443
384,1.0,0.9994096712712307,1.0,0.9978326231715641
577,1.0,0.9994265378063384,1.0,0.997841846051685
705,1.0,0.9994434043414462,1.0,0.997851068931806
444,1.0,0.9994602708765539,1.0,0.997860291811927
407,1.0,0.9994771374116616,1.0,0.997869514692048
564,1.0,0.9994940039467692,1.0,0.997878737572169
502,1.0,0.9995108704818769,1.0,0.99788796045229
452,1.0,0.9995277370169846,1.0,0.9978971833324111
488,1.0,0.9995446035520923,1.0,0.997906406212532
448,1.0,0.9995614700872,1.0,0.9979156290926531
432,1.0,0.9995783366223077,1.0,0.997924851972774
800,1.0,0.9995952031574153,1.0,0.9979340748528951
542,1.0,0.999612069692523,1.0,0.997943297733016
929,1.0,0.9996289362276307,1.0,0.9979525206131371
652,1.0,0.9996458027627384,1.0,0.9979617434932581
492,1.0,0.9996626692978462,1.0,0.9979709663733791
1764,1.0,0.9996795358329539,1.0,0.9979801892535001
2351,1.0,0.9996964023680616,1.0,0.9979894121336211
3708,1.0,0.9997132689031692,1.0,0.9979986350137421
4718,1.0,0.9997301354382769,1.0,0.9980078578938631
4693,1.0,0.9997470019733846,1.0,0.9980170807739841
842,1.0,0.9997638685084923,1.0,0.998026303654105
582,1.0,0.9997807350436,1.0,0.9980355265342261
592,1.0,0.9997976015787077,1.0,0.9980447494143471
609,1.0,0.9998144681138154,1.0,0.9980539722944681
1132,1.0,0.999831334648923,1.0,0.9980631951745891
2192,1.0,0.9998482011840307,1.0,0.9980724180547101
761,1.0,0.9998650677191384,1.0,0.9980816409348311
639,1.0,0.9998819342542461,1.0,0.9980908638149522
758,1.0,0.9998988007893539,1.0,0.9981000866950731
2920,1.0,0.9999156673244616,1.0,0.9981093095751942
1164,1.0,0.9999325338595693,1.0,0.9981185324553151
3653,1.0,0.999949400394677,1.0,0.9981277553354362
568,1.0,0.9999662669297846,1.0,0.9981369782155571
503,1.0,0.9999831334648923,1.0,0.9981462010956782
685,1.0,1.0,1.0,0.9981554239757991
664,1.0,1.0,1.0,0.9981646468559202
1130,1.0,1.0,1.0,0.9981738697360412
1304,1.0,1.0,1.0,0.9981830926161622
3123,1.0,1.0,1.0,0.9981923154962832
515,1.0,1.0,1.0,0.9982015383764041
581,1.0,1.0,1.0,0.9982107612565252
669,1.0,1.0,1.0,0.9982199841366461
628,1.0,1.0,1.0,0.9982292070167672
808,1.0,1.0,1.0,0.9982384298968882
1106,1.0,1.0,1.0,0.9982476527770092
858,1.0,1.0,1.0,0.9982568756571302
572,1.0,1.0,1.0,0.9982660985372512
651,1.0,1.0,1.0,0.9982753214173722
2079,1.0,1.0,1.0,0.9982845442974932
1350,1.0,1.0,1.0,0.9982937671776142
2034,1.0,1.0,1.0,0.9983029900577353
993,1.0,1.0,1.0,0.9983122129378562
619,1.0,1.0,1.0,0.9983214358179773
415,1.0,1.0,1.0,0.9983306586980982
1006,1.0,1.0,1.0,0.9983398815782193
553,1.0,1.0,1.0,0.9983491044583402
545,1.0,1.0,1.0,0.9983583273384613
535,1.0,1.0,1.0,0.9983675502185823
602,1.0,1.0,1.0,0.9983767730987033
606,1.0,1.0,1.0,0.9983859959788243
604,1.0,1.0,1.0,0.9983952188589452
585,1.0,1.0,1.0,0.9984044417390663
439,1.0,1.0,1.0,0.9984136646191872
451,1.0,1.0,1.0,0.9984228874993083
597,1.0,1.0,1.0,0.9984321103794292
605,1.0,1.0,1.0,0.9984413332595503
574,1.0,1.0,1.0,0.9984505561396713
569,1.0,1.0,1.0,0.9984597790197923
769,1.0,1.0,1.0,0.9984690018999133
1154,1.0,1.0,1.0,0.9984782247800343
3334,1.0,1.0,1.0,0.9984874476601553
3012,1.0,1.0,1.0,0.9984966705402764
1941,1.0,1.0,1.0,0.9985058934203973
1357,1.0,1.0,1.0,0.9985151163005184
745,1.0,1.0,1.0,0.9985243391806393
632,1.0,1.0,1.0,0.9985335620607604
1297,1.0,1.0,1.0,0.9985427849408813
-2,1.0,1.0,1.0,0.9985520078210024
466,1.0,1.0,1.0,0.9985612307011233
462,1.0,1.0,1.0,0.9985704535812443
630,1.0,1.0,1.0,0.9985796764613654
1327,1.0,1.0,1.0,0.9985888993414863
1824,1.0,1.0,1.0,0.9985981222216074
2002,1.0,1.0,1.0,0.9986073451017283
1768,1.0,1.0,1.0,0.9986165679818494
883,1.0,1.0,1.0,0.9986257908619703
404,1.0,1.0,1.0,0.9986350137420914
1605,1.0,1.0,1.0,0.9986442366222124
1733,1.0,1.0,1.0,0.9986534595023334
1572,1.0,1.0,1.0,0.9986626823824544
1502,1.0,1.0,1.0,0.9986719052625754
1233,1.0,1.0,1.0,0.9986811281426964
1398,1.0,1.0,1.0,0.9986903510228174
1573,1.0,1.0,1.0,0.9986995739029384
1446,1.0,1.0,1.0,0.9987087967830595
1374,1.0,1.0,1.0,0.9987180196631804
551,1.0,1.0,1.0,0.9987272425433015
530,1.0,1.0,1.0,0.9987364654234224
1539,1.0,1.0,1.0,0.9987456883035434
1521,1.0,1.0,1.0,0.9987549111836644
781,1.0,1.0,1.0,0.9987641340637854
598,1.0,1.0,1.0,0.9987733569439065
1310,1.0,1.0,1.0,0.9987825798240274
1025,1.0,1.0,1.0,0.9987918027041485
1127,1.0,1.0,1.0,0.9988010255842694
579,1.0,1.0,1.0,0.9988102484643905
700,1.0,1.0,1.0,0.9988194713445114
734,1.0,1.0,1.0,0.9988286942246325
948,1.0,1.0,1.0,0.9988379171047534
779,1.0,1.0,1.0,0.9988471399848745
695,1.0,1.0,1.0,0.9988563628649955
625,1.0,1.0,1.0,0.9988655857451165
1195,1.0,1.0,1.0,0.9988748086252375
1819,1.0,1.0,1.0,0.9988840315053585
3340,1.0,1.0,1.0,0.9988932543854795
3425,1.0,1.0,1.0,0.9989024772656006
1135,1.0,1.0,1.0,0.9989117001457215
1008,1.0,1.0,1.0,0.9989209230258425
955,1.0,1.0,1.0,0.9989301459059635
956,1.0,1.0,1.0,0.9989393687860845
840,1.0,1.0,1.0,0.9989485916662055
895,1.0,1.0,1.0,0.9989578145463265
-13,1.0,1.0,1.0,0.9989670374264475
-10,1.0,1.0,1.0,0.9989762603065685
841,1.0,1.0,1.0,0.9989854831866896
792,1.0,1.0,1.0,0.9989947060668105
782,1.0,1.0,1.0,0.9990039289469316
708,1.0,1.0,1.0,0.9990131518270525
934,1.0,1.0,1.0,0.9990223747071736
962,1.0,1.0,1.0,0.9990315975872945
744,1.0,1.0,1.0,0.9990408204674156
766,1.0,1.0,1.0,0.9990500433475366
531,1.0,1.0,1.0,0.9990592662276576
686,1.0,1.0,1.0,0.9990684891077786
5096,1.0,1.0,1.0,0.9990777119878996
654,1.0,1.0,1.0,0.9990869348680206
1877,1.0,1.0,1.0,0.9990961577481416
923,1.0,1.0,1.0,0.9991053806282626
940,1.0,1.0,1.0,0.9991146035083835
746,1.0,1.0,1.0,0.9991238263885046
471,1.0,1.0,1.0,0.9991330492686256
773,1.0,1.0,1.0,0.9991422721487466
891,1.0,1.0,1.0,0.9991514950288676
731,1.0,1.0,1.0,0.9991607179089886
839,1.0,1.0,1.0,0.9991699407891096
703,1.0,1.0,1.0,0.9991791636692307
872,1.0,1.0,1.0,0.9991883865493516
870,1.0,1.0,1.0,0.9991976094294727
1033,1.0,1.0,1.0,0.9992068323095936
889,1.0,1.0,1.0,0.9992160551897147
591,1.0,1.0,1.0,0.9992252780698356
1787,1.0,1.0,1.0,0.9992345009499567
1065,1.0,1.0,1.0,0.9992437238300776
857,1.0,1.0,1.0,0.9992529467101987
867,1.0,1.0,1.0,0.9992621695903197
750,1.0,1.0,1.0,0.9992713924704407
936,1.0,1.0,1.0,0.9992806153505617
1035,1.0,1.0,1.0,0.9992898382306826
1028,1.0,1.0,1.0,0.9992990611108037
878,1.0,1.0,1.0,0.9993082839909246
869,1.0,1.0,1.0,0.9993175068710457
836,1.0,1.0,1.0,0.9993267297511667
866,1.0,1.0,1.0,0.9993359526312877
847,1.0,1.0,1.0,0.9993451755114087
571,1.0,1.0,1.0,0.9993543983915297
2040,1.0,1.0,1.0,0.9993636212716507
666,1.0,1.0,1.0,0.9993728441517717
849,1.0,1.0,1.0,0.9993820670318927
5508,1.0,1.0,1.0,0.9993912899120138
804,1.0,1.0,1.0,0.9994005127921347
911,1.0,1.0,1.0,0.9994097356722558
798,1.0,1.0,1.0,0.9994189585523767
818,1.0,1.0,1.0,0.9994281814324978
815,1.0,1.0,1.0,0.9994374043126187
799,1.0,1.0,1.0,0.9994466271927398
764,1.0,1.0,1.0,0.9994558500728608
797,1.0,1.0,1.0,0.9994650729529817
835,1.0,1.0,1.0,0.9994742958331028
873,1.0,1.0,1.0,0.9994835187132237
892,1.0,1.0,1.0,0.9994927415933448
653,1.0,1.0,1.0,0.9995019644734657
810,1.0,1.0,1.0,0.9995111873535868
816,1.0,1.0,1.0,0.9995204102337077
648,1.0,1.0,1.0,0.9995296331138288
1868,1.0,1.0,1.0,0.9995388559939498
822,1.0,1.0,1.0,0.9995480788740708
821,1.0,1.0,1.0,0.9995573017541918
536,1.0,1.0,1.0,0.9995665246343128
971,1.0,1.0,1.0,0.9995757475144338
765,1.0,1.0,1.0,0.9995849703945549
717,1.0,1.0,1.0,0.9995941932746758
678,1.0,1.0,1.0,0.9996034161547969
730,1.0,1.0,1.0,0.9996126390349178
763,1.0,1.0,1.0,0.9996218619150389
689,1.0,1.0,1.0,0.9996310847951598
707,1.0,1.0,1.0,0.9996403076752808
672,1.0,1.0,1.0,0.9996495305554018
777,1.0,1.0,1.0,0.9996587534355228
957,1.0,1.0,1.0,0.9996679763156439
768,1.0,1.0,1.0,0.9996771991957648
817,1.0,1.0,1.0,0.9996864220758859
693,1.0,1.0,1.0,0.9996956449560068
539,1.0,1.0,1.0,0.9997048678361279
646,1.0,1.0,1.0,0.9997140907162488
784,1.0,1.0,1.0,0.9997233135963699
759,1.0,1.0,1.0,0.9997325364764909
660,1.0,1.0,1.0,0.9997417593566119
716,1.0,1.0,1.0,0.9997509822367329
1196,1.0,1.0,1.0,0.9997602051168539
621,1.0,1.0,1.0,0.9997694279969749
737,1.0,1.0,1.0,0.9997786508770959
706,1.0,1.0,1.0,0.9997878737572169
659,1.0,1.0,1.0,0.999797096637338
526,1.0,1.0,1.0,0.9998063195174589
645,1.0,1.0,1.0,0.99981554239758
603,1.0,1.0,1.0,0.9998247652777009
521,1.0,1.0,1.0,0.9998339881578219
520,1.0,1.0,1.0,0.9998432110379429
899,1.0,1.0,1.0,0.9998524339180639
1122,1.0,1.0,1.0,0.999861656798185
2251,1.0,1.0,1.0,0.9998708796783059
642,1.0,1.0,1.0,0.999880102558427
1150,1.0,1.0,1.0,0.9998893254385479
5079,1.0,1.0,1.0,0.999898548318669
1279,1.0,1.0,1.0,0.9999077711987899
1275,1.0,1.0,1.0,0.999916994078911
549,1.0,1.0,1.0,0.9999262169590319
871,1.0,1.0,1.0,0.999935439839153
3002,1.0,1.0,1.0,0.999944662719274
1111,1.0,1.0,1.0,0.999953885599395
1234,1.0,1.0,1.0,0.999963108479516
1746,1.0,1.0,1.0,0.999972331359637
682,1.0,1.0,1.0,0.999981554239758
944,1.0,1.0,1.0,0.999990777119879
1217,1.0,1.0,1.0,1.0
1418,1.0,1.0,1.0,1.0
2845,1.0,1.0,1.0,1.0
2805,1.0,1.0,1.0,1.0
610,1.0,1.0,1.0,1.0
1804,1.0,1.0,1.0,1.0
2209,1.0,1.0,1.0,1.0
1994,1.0,1.0,1.0,1.0
2273,1.0,1.0,1.0,1.0
2530,1.0,1.0,1.0,1.0
4139,1.0,1.0,1.0,1.0
4165,1.0,1.0,1.0,1.0
